DemandNo,HoldingNo,Date,GeneratedBy,ARV,CurrentYearTaxNet,PreviousYearsTaxBase,TotalFineAmount,OtherCharges,TotalAmountDemanded
1,MUNG- 02032,27-07-2026,System (Bulk Batch),797148,71743.32,0,0,30000,101743.32
2,MUNG-08257,27-07-2026,System (Bulk Batch),836352,75271.68,0,0,6000,81271.68
3,MUNG- 04158,27-07-2026,System (Bulk Batch),214480,19303.2,0,0,1200,20503.2
4,MUNG- 03753,27-07-2026,System (Bulk Batch),331632,29846.88,0,0,6000,35846.88
5,MUNG- 11080,27-07-2026,System (Bulk Batch),3674602.8,345578.03,0,0,6000,351578.03
6,MUNG- 16833,27-07-2026,System (Bulk Batch),142987.9,12868.91,0,0,1200,14068.91
7,MUNG- 10511,27-07-2026,System (Bulk Batch),212004.9,19080.44,0,0,6000,25080.44
8,MUNG- 12058,27-07-2026,System (Bulk Batch),178095.07,16028.56,0,0,12000,28028.56
9,MUNG- 03259,27-07-2026,System (Bulk Batch),278256,25043.04,0,0,12000,37043.04
10,MUNG- 16508,27-07-2026,System (Bulk Batch),153791.9,13841.27,0,0,1200,15041.27
11,MUNG- 13780,27-07-2026,System (Bulk Batch),134640,12117.6,0,0,18000,30117.6
12,MUNG- 04176,27-07-2026,System (Bulk Batch),77640,6987.6,0,0,1200,8187.6
13,MUNG- 12370,27-07-2026,System (Bulk Batch),942031.2,126089.81,0,0,30000,156089.81
14,MUNG- 19308,27-07-2026,System (Bulk Batch),5312722.8,506770.04,0,0,18000,524770.04
15,MUNG- 04083,27-07-2026,System (Bulk Batch),61505.32,17326.49,0,0,360,17686.49
16,MUNG- 10149,27-07-2026,System (Bulk Batch),367901.6,34514.65,0,0,6000,40514.65
17,MUNG- 11608,27-07-2026,System (Bulk Batch),134887.4,20553.54,0,0,6000,26553.54
18,MUNG- 11258,27-07-2026,System (Bulk Batch),255679.78,26588.8,0,0,30000,56588.8
19,MUNG- 00802,27-07-2026,System (Bulk Batch),195481.27,17593.31,0,0,12000,29593.31
20,MUNG- 11855,27-07-2026,System (Bulk Batch),173978.2,15658.04,0,0,1200,16858.04
21,MUNG- 01509,27-07-2026,System (Bulk Batch),121944.6,10975.01,0,0,1200,12175.01
22,MUNG- 13435,27-07-2026,System (Bulk Batch),51108.75,4599.79,0,0,360,4959.79
23,MUNG- 03677,27-07-2026,System (Bulk Batch),294346.8,28471.28,0,0,6000,34471.28
24,MUNG- 10223,27-07-2026,System (Bulk Batch),142683.2,12841.49,0,0,6000,18841.49
25,MUNG-01121,27-07-2026,System (Bulk Batch),270825.3,24374.28,0,0,3000,27374.28
26,MUNG- 18509,27-07-2026,System (Bulk Batch),186590.25,24782.69,0,0,6000,30782.69
27,MUNG- 18510,27-07-2026,System (Bulk Batch),1397946,125815.14,0,0,6000,131815.14
28,MUNG- 15180,27-07-2026,System (Bulk Batch),1960402.4,176436.22,0,0,6000,182436.22
29,MUNG- 03241,27-07-2026,System (Bulk Batch),1968061.7,177125.55,0,0,18000,195125.55
30,MUNG- 10812,27-07-2026,System (Bulk Batch),185592,16703.28,0,0,6000,22703.28
31,MUNG- 21236,27-07-2026,System (Bulk Batch),1209859.2,108887.33,0,0,6000,114887.33
32,MUNG- 10237,27-07-2026,System (Bulk Batch),438662.4,39479.62,0,0,6000,45479.62
33,MUNG- 00673,27-07-2026,System (Bulk Batch),263023.2,23672.09,0,0,6000,29672.09
34,MUNG- 02110,27-07-2026,System (Bulk Batch),857736,77196.24,0,0,6000,83196.24
35,MUNG- 13472,27-07-2026,System (Bulk Batch),10533.6,5713.11,0,0,6000,11713.11
36,MUNG- 03550,27-07-2026,System (Bulk Batch),89689.6,8072.06,0,0,360,8432.06
37,MUNG- 14139,27-07-2026,System (Bulk Batch),58575,5271.75,0,0,6000,11271.75
38,MUNG- 12246,27-07-2026,System (Bulk Batch),42748.2,3847.34,0,0,6000,9847.34
39,MUNG- 02934,27-07-2026,System (Bulk Batch),70652.4,6358.72,0,0,6000,12358.72
40,MUNG- 03966,27-07-2026,System (Bulk Batch),810630,72956.7,0,0,6000,78956.7
41,MUNG- 03466,27-07-2026,System (Bulk Batch),200187,18016.83,0,0,6000,24016.83
42,MUNG- 10705,27-07-2026,System (Bulk Batch),162043.2,14583.89,0,0,6000,20583.89
43,MUNG- 14175,27-07-2026,System (Bulk Batch),34325.23,4310.4,0,0,360,4670.4
44,MUNG- 12404,27-07-2026,System (Bulk Batch),30711.45,3863.16,0,0,360,4223.16
45,MUNG- 04201,27-07-2026,System (Bulk Batch),28932.75,3142.72,0,0,360,3502.72
46,MUNG- 08974,27-07-2026,System (Bulk Batch),17024.7,2880.6,0,0,360,3240.6
47,MUNG- 17457,27-07-2026,System (Bulk Batch),31313.1,5337.7,0,0,360,5697.7
48,MUNG- 10535,27-07-2026,System (Bulk Batch),32033.92,6771.78,0,0,360,7131.78
49,MUNG- 13606,27-07-2026,System (Bulk Batch),214838.8,19496.08,0,0,6000,25496.08
50,MUNG- 20344,27-07-2026,System (Bulk Batch),2574633.6,231717.02,0,0,6000,237717.02
51,MUNG- 09211,27-07-2026,System (Bulk Batch),125595.8,11303.62,0,0,6000,17303.62
52,MUNG- 16205,27-07-2026,System (Bulk Batch),21560,1940.4,0,0,360,2300.4
53,MUNG- 19412,27-07-2026,System (Bulk Batch),212355,19111.95,0,0,6000,25111.95
54,MUNG- 14307,27-07-2026,System (Bulk Batch),67955.8,6116.02,0,0,6000,12116.02
55,MUNG- 21035,27-07-2026,System (Bulk Batch),33495,3014.55,0,0,360,3374.55
56,MUNG- 23670,27-07-2026,System (Bulk Batch),18918.9,1702.7,0,0,360,2062.7
57,MUNG- 00976,27-07-2026,System (Bulk Batch),20836.2,1875.26,0,0,1200,3075.26
58,MUNG- 19413,27-07-2026,System (Bulk Batch),212355,19111.95,0,0,6000,25111.95
59,MUNG- 12590,27-07-2026,System (Bulk Batch),38184.22,3664.81,0,0,360,4024.81
60,MUNG- 16921,27-07-2026,System (Bulk Batch),26037.55,2410.64,0,0,360,2770.64
61,MUNG- 17333,27-07-2026,System (Bulk Batch),26734.4,2448.59,0,0,360,2808.59
62,MUNG- 13793,27-07-2026,System (Bulk Batch),122236.4,11001.28,0,0,6000,17001.28
63,MUNG- 21202,27-07-2026,System (Bulk Batch),42075,4082.96,0,0,6000,10082.96
64,MUNG- 12886,27-07-2026,System (Bulk Batch),57626.8,5186.41,0,0,6000,11186.41
65,MUNG- 11292,27-07-2026,System (Bulk Batch),84066.4,7565.98,0,0,6000,13565.98
66,MUNG- 08160,27-07-2026,System (Bulk Batch),107811,9702.99,0,0,6000,15702.99
67,MUNG- 02667,27-07-2026,System (Bulk Batch),14322,1691.72,0,0,360,2051.72
68,MUNG- 28244,27-07-2026,System (Bulk Batch),18480,1663.2,0,0,360,2023.2
69,MUNG- 04832,27-07-2026,System (Bulk Batch),144460.8,13641.64,0,0,6000,19641.64
70,MUNG- 13293,27-07-2026,System (Bulk Batch),70448,6340.32,0,0,360,6700.32
71,MUNG- 08188,27-07-2026,System (Bulk Batch),182449.6,17807.24,0,0,6000,23807.24
72,MUNG- 02978,27-07-2026,System (Bulk Batch),133080,11977.2,0,0,6000,17977.2
73,MUNG- 22658,27-07-2026,System (Bulk Batch),28682.5,4701.82,0,0,360,5061.82
74,MUNG- 05227,27-07-2026,System (Bulk Batch),67201.2,6048.11,0,0,360,6408.11
75,MUNG- 03103,27-07-2026,System (Bulk Batch),39760.49,44017.49,0,0,6000,50017.49
76,MUNG- 03737,27-07-2026,System (Bulk Batch),37345,3361.05,0,0,360,3721.05
77,MUNG- 10290,27-07-2026,System (Bulk Batch),38746.4,3487.18,0,0,360,3847.18
78,MUNG- 13785,27-07-2026,System (Bulk Batch),1911364.61,172022.81,0,0,360,172382.81
79,MUNG- 1351,27-07-2026,System (Bulk Batch),1432728,128945.52,0,0,18000,146945.52
80,MUNG- 09313,27-07-2026,System (Bulk Batch),912384,82114.56,0,0,18000,100114.56
81,MUNG- 00848,27-07-2026,System (Bulk Batch),76247.6,6862.28,0,0,6000,12862.28
82,MUNG- 17916,27-07-2026,System (Bulk Batch),182777.5,16449.97,0,0,3000,19449.97
83,MUNG- 13054,27-07-2026,System (Bulk Batch),926640,83397.6,0,0,6000,89397.6
84,MUNG- 11961,27-07-2026,System (Bulk Batch),926640,83397.6,0,0,6000,89397.6
85,MUNG- 14087,27-07-2026,System (Bulk Batch),413952,37255.68,0,0,6000,43255.68
86,MUNG- 03175,27-07-2026,System (Bulk Batch),351648,31648.32,0,0,30000,61648.32
87,MUNG- 13657,27-07-2026,System (Bulk Batch),236349.7,21271.47,0,0,6000,27271.47
88,MUNG- 22498,27-07-2026,System (Bulk Batch),897177.6,80745.98,0,0,30000,110745.98
89,MUNG- 01374,27-07-2026,System (Bulk Batch),115139.2,10372.27,0,0,12000,22372.27
90,MUNG- 14896,27-07-2026,System (Bulk Batch),107738.4,9696.46,0,0,360,10056.46
91,MUNG- 28912,27-07-2026,System (Bulk Batch),108015.75,9721.42,0,0,6000,15721.42
92,MUNG- 03658,27-07-2026,System (Bulk Batch),252014.4,22901.41,0,0,30000,52901.41
93,MUNG- 23434,27-07-2026,System (Bulk Batch),21120,0,0,0,6000,6000
94,MUNG- 10421,27-07-2026,System (Bulk Batch),58510.1,5265.91,0,0,6000,11265.91
95,MUNG- 25591,27-07-2026,System (Bulk Batch),20879.6,5856.8,0,0,360,6216.8
96,MUNG- 03464,27-07-2026,System (Bulk Batch),262785.6,23650.7,0,0,6000,29650.7
97,MUNG- 00991,27-07-2026,System (Bulk Batch),33522.5,3017.03,0,0,6000,9017.03
98,MUNG- 27834,27-07-2026,System (Bulk Batch),53034.1,5554.19,0,0,360,5914.19
99,MUNG- 27765,27-07-2026,System (Bulk Batch),116622,10495.98,0,0,6000,16495.98
100,MUNG- 13981,27-07-2026,System (Bulk Batch),114760.8,10328.47,0,0,6000,16328.47
101,MUNG- 18951,27-07-2026,System (Bulk Batch),261360,23522.4,0,0,6000,29522.4
102,MUNG- 12418,27-07-2026,System (Bulk Batch),96582.2,8692.4,0,0,6000,14692.4
103,MUNG- 14208,27-07-2026,System (Bulk Batch),55139.7,5050.93,0,0,6000,11050.93
104,MUNG- 06779,27-07-2026,System (Bulk Batch),38438.4,3459.46,0,0,360,3819.46
105,MUNG- 10564,27-07-2026,System (Bulk Batch),79728,7175.52,0,0,6000,13175.52
106,MUNG- 13382,27-07-2026,System (Bulk Batch),374061.6,33665.54,0,0,6000,39665.54
107,MUNG- 12008,27-07-2026,System (Bulk Batch),68859,6197.31,0,0,360,6557.31
108,MUNG- 19406,27-07-2026,System (Bulk Batch),35358.4,3182.26,0,0,360,3542.26
109,MUNG- 06724,27-07-2026,System (Bulk Batch),40656,3659.04,0,0,360,4019.04
110,MUNG- 14519,27-07-2026,System (Bulk Batch),18074.7,2306.5,0,0,360,2666.5
111,MUNG- 07470,27-07-2026,System (Bulk Batch),42049.7,3784.47,0,0,1200,4984.47
112,MUNG- 09312,27-07-2026,System (Bulk Batch),20485.3,1843.68,0,0,1200,3043.68
113,MUNG- 21156,27-07-2026,System (Bulk Batch),159330.6,14649.02,0,0,6000,20649.02
114,MUNG- 04819,27-07-2026,System (Bulk Batch),40847.1,3676.24,0,0,360,4036.24
115,MUNG- 17675,27-07-2026,System (Bulk Batch),29609.8,2818.29,0,0,1200,4018.29
116,MUNG- 19363,27-07-2026,System (Bulk Batch),31048.79,2794.39,0,0,360,3154.39
117,MUNG- 05363,27-07-2026,System (Bulk Batch),33048.4,2974.36,0,0,360,3334.36
118,MUNG- 07150,27-07-2026,System (Bulk Batch),69300,6237,0,0,6000,12237
119,MUNG- 07687,27-07-2026,System (Bulk Batch),135628.9,12206.6,0,0,6000,18206.6
120,MUNG- 23537,27-07-2026,System (Bulk Batch),599306.4,53937.58,0,0,30000,83937.58
121,MUNG- 20019,27-07-2026,System (Bulk Batch),28960.4,2606.44,0,0,360,2966.44
122,MUNG- 08877,27-07-2026,System (Bulk Batch),642411,70049.27,0,0,6000,76049.27
123,MUNG- 01856,27-07-2026,System (Bulk Batch),168996.6,15209.69,0,0,3000,18209.69
124,MUNG- 02591,27-07-2026,System (Bulk Batch),661003.2,59510.46,0,0,6000,65510.46
125,MUNG- 14582,27-07-2026,System (Bulk Batch),936091.2,86679.95,0,0,30000,116679.95
126,MUNG- 10649,27-07-2026,System (Bulk Batch),710265.6,71160.34,0,0,6000,77160.34
127,MUNG- 09342,27-07-2026,System (Bulk Batch),2092680,188413.88,0,0,18000,206413.88
128,MUNG- 11412,27-07-2026,System (Bulk Batch),385176,34666.44,0,0,6000,40666.44
129,MUNG- 08364,27-07-2026,System (Bulk Batch),72595.95,6533.64,0,0,360,6893.64
130,MUNG- 29218,27-07-2026,System (Bulk Batch),298443.6,26930.61,0,0,6000,32930.61
131,MUNG- 07009,27-07-2026,System (Bulk Batch),58643.2,8509.19,0,0,360,8869.19
132,MUNG- 14428,27-07-2026,System (Bulk Batch),445684.8,40111.63,0,0,6000,46111.63
133,MUNG- 04440,27-07-2026,System (Bulk Batch),611424,55028.16,0,0,18000,73028.16
134,MUNG- 04008,27-07-2026,System (Bulk Batch),225033.6,20253.02,0,0,6000,26253.02
135,MUNG- 22574,27-07-2026,System (Bulk Batch),325548,29299.32,0,0,6000,35299.32
136,MUNG- 04221,27-07-2026,System (Bulk Batch),417820,39962.68,0,0,6000,45962.68
137,MUNG- 19962,27-07-2026,System (Bulk Batch),405702,36513.18,0,0,6000,42513.18
138,MUNG- 14647,27-07-2026,System (Bulk Batch),707988.6,63718.97,0,0,6000,69718.97
139,MUNG- 10134,27-07-2026,System (Bulk Batch),23100,8021.2,0,0,360,8381.2
140,MUNG- 09370,27-07-2026,System (Bulk Batch),465814.8,41923.33,0,0,6000,47923.33
141,MUNG- 09216,27-07-2026,System (Bulk Batch),416494.1,37484.47,0,0,30000,67484.47
142,MUNG- 29232,27-07-2026,System (Bulk Batch),15540,2269.58,0,0,360,2629.58
143,MUNG- 00677,27-07-2026,System (Bulk Batch),256608,23094.72,0,0,6000,29094.72
144,MUNG- 08379,27-07-2026,System (Bulk Batch),413328,37199.52,0,0,6000,43199.52
145,MUNG- 07813,27-07-2026,System (Bulk Batch),170170,15435.55,0,0,6000,21435.55
146,MUNG- 16934,27-07-2026,System (Bulk Batch),264822.8,23834.05,0,0,6000,29834.05
147,MUNG- 10188,27-07-2026,System (Bulk Batch),346225.4,31160.29,0,0,6000,37160.29
148,MUNG- 18689,27-07-2026,System (Bulk Batch),95584,8602.56,0,0,6000,14602.56
149,MUNG- 15283,27-07-2026,System (Bulk Batch),63403.2,5706.29,0,0,360,6066.29
150,MUNG- 10992,27-07-2026,System (Bulk Batch),98991,8909.19,0,0,6000,14909.19
151,MUNG- 13378,27-07-2026,Operator 1,18774,7339.92,0,0,1200,8539.92
152,MUNG- 13378,27-07-2026,Operator 1,0,5650.26,0,0,1200,6850.26
153,MUNG- 18586,27-07-2026,Operator 1,9122.4,3189.91,0,0,360,3549.91
154,MUNG- 07978,27-07-2026,Operator 1,91542,8238.78,0,0,6000,14238.78
155,MUNG- 00995,27-07-2026,Operator 1,10735.2,966.17,0,0,360,1326.17
156,MUNG- 08384,28-07-2026,Operator 1,286120.8,25750.87,0,0,6000,31750.87
157,MUNG- 13552,28-07-2026,Operator 1,807100.8,72639.07,0,0,30000,102639.07
158,MUNG- 00363,28-07-2026,Operator 1,231828.7,20864.58,0,0,6000,26864.58
159,MUNG- 10370,28-07-2026,System (Bulk Batch),423007.2,38070.65,0,0,6000,44070.65
160,MUNG- 08956,28-07-2026,System (Bulk Batch),44880,4039.2,0,0,6000,10039.2
161,MUNG- 03768,28-07-2026,System (Bulk Batch),24224.2,3900.68,0,0,360,4260.68
162,MUNG- 06645,28-07-2026,System (Bulk Batch),23007.6,5309.51,0,0,360,5669.51
163,MUNG- 09695,28-07-2026,System (Bulk Batch),61463.6,6685.46,0,0,6000,12685.46
164,MUNG- 01432,28-07-2026,System (Bulk Batch),83028,7472.52,0,0,6000,13472.52
165,MUNG- 10494,28-07-2026,System (Bulk Batch),439678.8,40551.06,0,0,6000,46551.06
166,MUNG- 14902,28-07-2026,System (Bulk Batch),270864,27056.41,0,0,6000,33056.41
167,MUNG- 09819,28-07-2026,System (Bulk Batch),23307.06,2175.48,0,0,360,2535.48
168,MUNG- 29277,28-07-2026,System (Bulk Batch),17850,1606.5,13702.5,11580.98,360,27249.98
169,MUNG- 29298,28-07-2026,System (Bulk Batch),15708,1413.72,5654.88,2375.05,360,9803.65
170,MUNG- 10405,28-07-2026,System (Bulk Batch),5544,953.76,0,0,360,1313.76
171,MUNG- 29259,28-07-2026,System (Bulk Batch),6378.4,574.06,6753.6,8408.23,360,16095.89
172,MUNG- 06860,28-07-2026,System (Bulk Batch),28203,2538.27,0,0,360,2898.27
173,MUNG- 22374,28-07-2026,System (Bulk Batch),6237,561.33,4847.85,4125.78,360,9894.96
174,MUNG- 12885,28-07-2026,System (Bulk Batch),32788.8,2950.99,5901.98,1416.48,1200,11469.45
175,MUNG- 05318,28-07-2026,System (Bulk Batch),8992.2,1651.71,0,0,360,2011.71
176,MUNG- 08114,28-07-2026,System (Bulk Batch),59195.4,5327.59,0,0,6000,11327.59
177,MUNG- 05125,28-07-2026,System (Bulk Batch),57191.4,5147.23,0,0,360,5507.23
178,MUNG- 00262,28-07-2026,System (Bulk Batch),211140.8,19002.67,0,0,6000,25002.67
179,MUNG- 08921,28-07-2026,System (Bulk Batch),364782.1,32830.39,0,0,6000,38830.39
180,MUNG- 13504,28-07-2026,System (Bulk Batch),134906.4,12141.58,0,0,6000,18141.58
181,MUNG- 03167,28-07-2026,System (Bulk Batch),70497.9,6344.81,0,0,6000,12344.81
182,MUNG- 16997,28-07-2026,System (Bulk Batch),147101.6,13239.14,0,0,6000,19239.14
183,MUNG- 12397,28-07-2026,System (Bulk Batch),77040.6,6933.65,0,0,360,7293.65
184,MUNG- 01234,28-07-2026,System (Bulk Batch),76051.3,7087,0,0,6000,13087
185,MUNG- 00588,28-07-2026,System (Bulk Batch),39769.8,3579.28,0,0,360,3939.28
186,MUNG- 08634,28-07-2026,System (Bulk Batch),83533.8,7518.04,0,0,1200,8718.04
187,MUNG- 01616,28-07-2026,System (Bulk Batch),860587.2,77452.85,0,0,30000,107452.85
188,MUNG- 17623,28-07-2026,System (Bulk Batch),48660.75,4379.47,0,0,6000,10379.47
189,MUNG- 12793,28-07-2026,System (Bulk Batch),469295,42236.55,0,0,6000,48236.55
190,MUNG- 08231,28-07-2026,System (Bulk Batch),51352,4621.68,0,0,360,4981.68
191,MUNG- 10227,28-07-2026,System (Bulk Batch),403037.2,36273.35,0,0,30000,66273.35
192,MUNG- 11428,28-07-2026,System (Bulk Batch),178468.4,17673.14,0,0,6000,23673.14
193,MUNG- 03385,28-07-2026,System (Bulk Batch),249381,22444.29,0,0,6000,28444.29
194,MUNG- 16224,28-07-2026,System (Bulk Batch),259380,23344.2,0,0,6000,29344.2
195,MUNG- 15307,28-07-2026,System (Bulk Batch),83006,7470.54,0,0,6000,13470.54
196,MUNG- 10180,28-07-2026,System (Bulk Batch),176352,15871.68,0,0,6000,21871.68
197,MUNG- 28718,28-07-2026,System (Bulk Batch),39781.7,5627.83,0,0,360,5987.83
198,MUNG- 06593,28-07-2026,System (Bulk Batch),160736.4,15126.8,0,0,6000,21126.8
199,MUNG- 08957,28-07-2026,System (Bulk Batch),45507,7064.27,0,0,360,7424.27
200,MUNG- 13497,28-07-2026,System (Bulk Batch),644232.6,57980.93,0,0,6000,63980.93
201,MUNG- 19844,28-07-2026,System (Bulk Batch),922521.6,83026.94,0,0,6000,89026.94
202,MUNG- 18321,28-07-2026,System (Bulk Batch),45460.8,4631.94,0,0,360,4991.94
203,MUNG- 19890,28-07-2026,System (Bulk Batch),118804.4,10692.4,0,0,6000,16692.4
204,MUNG- 12321,28-07-2026,System (Bulk Batch),18826.5,4516.99,0,0,360,4876.99
205,MUNG- 12318,28-07-2026,System (Bulk Batch),65089.5,8014.19,0,0,360,8374.19
206,MUNG- 08350,28-07-2026,System (Bulk Batch),186595.2,16793.57,0,0,6000,22793.57
207,MUNG- 10080,28-07-2026,System (Bulk Batch),179080,16117.2,0,0,6000,22117.2
208,MUNG- 10353,28-07-2026,System (Bulk Batch),143673,13380.14,0,0,6000,19380.14
209,MUNG- 07226,28-07-2026,System (Bulk Batch),161518.7,18210.97,0,0,360,18570.97
210,MUNG- 10168,28-07-2026,System (Bulk Batch),859980,77398.2,0,0,18000,95398.2
211,MUNG- 27892,28-07-2026,System (Bulk Batch),137646.6,12678.59,0,0,1200,13878.59
212,MUNG- 03904,28-07-2026,System (Bulk Batch),164685.8,14821.72,0,0,6000,20821.72
213,MUNG- 03845,28-07-2026,System (Bulk Batch),13934.3,2141.94,0,0,1200,3341.94
214,MUNG- 05426,28-07-2026,System (Bulk Batch),12096,1088.64,0,0,360,1448.64
215,MUNG- 21810,28-07-2026,System (Bulk Batch),14132.3,1784.45,0,0,360,2144.45
216,MUNG- 13785,29-07-2026,Operator 1,1911364.61,172022.81,0,0,360,172382.81
217,MUNG- 13785,29-07-2026,Operator 1,36739.32,3935.31,0,0,360,4295.31
218,MUNG- 20344,29-07-2026,Operator 1,2574633.6,231717.02,0,0,6000,237717.02
219,MUNG- 20344,29-07-2026,Operator 1,2574633.6,231717.02,0,0,6000,237717.02