HoldingNo,Floor,BuildupSqft,ConstType,Usage,Occupancy,YearBuilt,ClosingYear,FloorARV,FloorTax
MUNG-28793,Ground Floor - 0,1200,RCC,"commercial office, financial institutions, banks, insurance office, pvt hospitaland nursing home",rented,,,,
MUNG-28793,Ground Floor - 0,1100,Other,Residential,self,,,,
MUNG-28793,First Floor - 1,200,Other,Residential,self,,,,
MUNG-28793,Ground Floor - 0,1680,Other,Residential,self,,,,
MUNG-08257,Ground Floor - 0,3960,RCC,"commercial est. , State and Central undertakings",rented,,,,
MUNG-08257,First Floor - 1,3960,RCC,"commercial est. , State and Central undertakings",rented,,,,
MUNG- 04158,Ground Floor - 0,2800,RCC,"shops(250 sq ft and above), showroom, shopping mall, cinema, multiplex, dispensary, lab, restaurant, guest house",self,,,,
MUNG- 04158,First Floor - 1,2800,RCC,Residential,self,,,,
MUNG- 04158,Second Floor - 2,2800,RCC,Residential,self,,,,
MUNG- 03753,Ground Floor - 0,1504,RCC,"Coaching classes, guidance and training centres and their hostels",rented,,,,
MUNG- 03753,First Floor - 1,1504,RCC,"Coaching classes, guidance and training centres and their hostels",self,,,,
MUNG- 03753,Second Floor - 2,1504,RCC,"Coaching classes, guidance and training centres and their hostels",self,,,,
MUNG- 03753,Third Floor - 3,1504,RCC,Residential,self,,,,
MUNG- 03753,Fourth Floor - 4,1504,RCC,Residential,self,,,,
MUNG- 03753,Fifth Floor - 5,1504,RCC,Residential,self,,,,
MUNG- 11080,Ground Floor - 0,17235,RCC,"pvt school, pvt college, pvt research institutes,other pvt institutes and their hostels",self,,,,
MUNG- 11080,Ground Floor - 0,873,Asbestos,any other,self,,,,
MUNG- 11080,First Floor - 1,17235,RCC,"pvt school, pvt college, pvt research institutes,other pvt institutes and their hostels",self,,,,
MUNG- 11080,Second Floor - 2,17235,RCC,"pvt school, pvt college, pvt research institutes,other pvt institutes and their hostels",self,,,,
MUNG- 11080,Third Floor - 3,17235,RCC,"pvt school, pvt college, pvt research institutes,other pvt institutes and their hostels",self,,,,
MUNG- 16833,Ground Floor - 0,496,RCC,"shops(250 sq ft and above), showroom, shopping mall, cinema, multiplex, dispensary, lab, restaurant, guest house",self,,,,
MUNG- 16833,Ground Floor - 0,4168,RCC,Residential,rented,,,,
MUNG- 16833,First Floor - 1,4664,RCC,Residential,rented,,,,
MUNG- 16833,Second Floor - 2,2771,RCC,Residential,self,,,,
MUNG- 10511,Ground Floor - 0,969,RCC,"commercial office, financial institutions, banks, insurance office, pvt hospitaland nursing home",rented,,,,
MUNG- 10511,Ground Floor - 0,1045,RCC,Residential,self,,,,
MUNG- 10511,First Floor - 1,236,RCC,"commercial office, financial institutions, banks, insurance office, pvt hospitaland nursing home",self,,,,
MUNG- 10511,First Floor - 1,1778,RCC,Residential,self,,,,
MUNG- 02032,Basement - -1,1170,RCC,"industry, workshop, storage, godown, warehouse",rented,,,,
MUNG- 02032,Ground Floor - 0,1417.5,RCC,"commercial office, financial institutions, banks, insurance office, pvt hospitaland nursing home",rented,,,,
MUNG- 02032,First Floor - 1,1417.5,RCC,"Hotel, bar, club, healthclub, marriage hall",rented,,,,
MUNG- 02032,Second Floor - 2,1417.5,RCC,"Hotel, bar, club, healthclub, marriage hall",rented,,,,
MUNG- 12058,Basement - -1,1110,RCC,"industry, workshop, storage, godown, warehouse",self,,,,
MUNG- 12058,Ground Floor - 0,2799.75,RCC,Residential,self,,,,
MUNG- 12058,First Floor - 1,2799.75,RCC,Residential,self,,,,
MUNG- 12058,Second Floor - 2,2799.75,RCC,Residential,self,,,,
MUNG- 03259,Ground Floor - 0,5270,Asbestos,"industry, workshop, storage, godown, warehouse",self,,,,
MUNG- 16508,Ground Floor - 0,2377,RCC,"shops(250 sq ft and above), showroom, shopping mall, cinema, multiplex, dispensary, lab, restaurant, guest house",self,,,,
MUNG- 16508,First Floor - 1,2377,RCC,Residential,self,,,,
MUNG- 13780,First Floor - 1,1700,RCC,"shops(250 sq ft and above), showroom, shopping mall, cinema, multiplex, dispensary, lab, restaurant, guest house",rented,,,,
MUNG- 04176,Ground Floor - 0,1200,RCC,"shops(250 sq ft and above), showroom, shopping mall, cinema, multiplex, dispensary, lab, restaurant, guest house",self,,,,
MUNG- 04176,First Floor - 1,1200,RCC,Residential,self,,,,
MUNG- 12370,Ground Floor - 0,7147,RCC,"Hotel, bar, club, healthclub, marriage hall",self,,,,
MUNG- 12370,Ground Floor - 0,2365,Asbestos,"Hotel, bar, club, healthclub, marriage hall",self,,,,
MUNG- 19308,Ground Floor - 0,30767.5,RCC,"commercial office, financial institutions, banks, insurance office, pvt hospitaland nursing home",self,,,,
MUNG- 19308,First Floor - 1,13996.5,RCC,"pvt school, pvt college, pvt research institutes,other pvt institutes and their hostels",self,,,,
MUNG- 19308,Second Floor - 2,13996.5,RCC,"pvt school, pvt college, pvt research institutes,other pvt institutes and their hostels",self,,,,
MUNG- 19308,Third Floor - 3,5835,RCC,"pvt school, pvt college, pvt research institutes,other pvt institutes and their hostels",self,,,,
MUNG- 19308,Fourth Floor - 4,4536,RCC,"pvt school, pvt college, pvt research institutes,other pvt institutes and their hostels",self,,,,
MUNG- 19308,Ground Floor - 0,961,Asbestos,any other,self,,,,
MUNG- 04083,Ground Floor - 0,3278,RCC,Residential,self,,,,
MUNG- 04083,First Floor - 1,2860,RCC,Residential,self,,,,
MUNG- 04083,Ground Floor - 0,2260.75,Asbestos,Residential,self,,,,
MUNG- 10149,Basement - -1,3577,RCC,"commercial est. , State and Central undertakings",self,,,,
MUNG- 10149,Ground Floor - 0,728,RCC,"commercial office, financial institutions, banks, insurance office, pvt hospitaland nursing home",self,,,,
MUNG- 10149,Ground Floor - 0,495,Asbestos,"commercial office, financial institutions, banks, insurance office, pvt hospitaland nursing home",self,,,,
MUNG- 11608,Ground Floor - 0,4642,RCC,Residential,self,,,,
MUNG- 11608,Ground Floor - 0,1104,Asbestos,Residential,self,,,,
MUNG- 11608,Ground Floor - 0,858,RCC,"pvt school, pvt college, pvt research institutes,other pvt institutes and their hostels",rented,,,,
MUNG- 11608,Ground Floor - 0,1041,Asbestos,"pvt school, pvt college, pvt research institutes,other pvt institutes and their hostels",rented,,,,
MUNG- 11258,Ground Floor - 0,2160,RCC,"Hotel, bar, club, healthclub, marriage hall",self,,,,
MUNG- 11258,Ground Floor - 0,1602.42,Asbestos,"Hotel, bar, club, healthclub, marriage hall",self,,,,
MUNG- 00802,Ground Floor - 0,3140,RCC,"industry, workshop, storage, godown, warehouse",self,,,,
MUNG- 00802,First Floor - 1,3855.75,RCC,Residential,self,,,,
MUNG- 11855,Ground Floor - 0,2522,RCC,"shops(250 sq ft and above), showroom, shopping mall, cinema, multiplex, dispensary, lab, restaurant, guest house",rented,,,,
MUNG- 11855,Ground Floor - 0,180,Asbestos,shops(less than 250 sq ft),rented,,,,
MUNG- 11855,First Floor - 1,2522,RCC,Residential,self,,,,
MUNG- 01509,Ground Floor - 0,234,RCC,shops(less than 250 sq ft),rented,,,,
MUNG- 01509,Ground Floor - 0,234,RCC,shops(less than 250 sq ft),self,,,,
MUNG- 01509,Ground Floor - 0,641,RCC,"shops(250 sq ft and above), showroom, shopping mall, cinema, multiplex, dispensary, lab, restaurant, guest house",self,,,,
MUNG- 01509,First Floor - 1,504,RCC,"shops(250 sq ft and above), showroom, shopping mall, cinema, multiplex, dispensary, lab, restaurant, guest house",self,,,,
MUNG- 01509,First Floor - 1,605,RCC,Residential,self,,,,
MUNG- 01509,Second Floor - 2,1109,RCC,Residential,self,,,,
MUNG- 01509,Third Floor - 3,60,RCC,Residential,self,,,,
MUNG- 01509,Third Floor - 3,92,RCC,Residential,self,,,,
MUNG- 01509,Third Floor - 3,236,RCC,any other,rented,,,,
MUNG- 13435,Ground Floor - 0,1497,RCC,Residential,rented,,,,
MUNG- 13435,First Floor - 1,1464,RCC,Residential,rented,,,,
MUNG- 13435,Second Floor - 2,1464,RCC,Residential,rented,,,,
MUNG- 03677,Ground Floor - 0,3454,Asbestos,"commercial office, financial institutions, banks, insurance office, pvt hospitaland nursing home",rented,,,,
MUNG- 03677,Ground Floor - 0,175,RCC,"commercial office, financial institutions, banks, insurance office, pvt hospitaland nursing home",rented,,,,
MUNG- 10223,Ground Floor - 0,1649,RCC,"pvt school, pvt college, pvt research institutes,other pvt institutes and their hostels",self,,,,
MUNG- 10223,First Floor - 1,1636,RCC,"pvt school, pvt college, pvt research institutes,other pvt institutes and their hostels",self,,,,
MUNG- 10223,Second Floor - 2,1636,RCC,Residential,self,,,,
MUNG-01121,Ground Floor - 0,397,RCC,"shops(250 sq ft and above), showroom, shopping mall, cinema, multiplex, dispensary, lab, restaurant, guest house",self,,,,
MUNG-01121,First Floor - 1,3975,RCC,"shops(250 sq ft and above), showroom, shopping mall, cinema, multiplex, dispensary, lab, restaurant, guest house",self,,,,
MUNG-01121,Second Floor - 2,2394,RCC,Residential,self,,,,
MUNG-01121,Third Floor - 3,2394,RCC,Residential,self,,,,
MUNG-01121,Fourth Floor - 4,2394,RCC,Residential,self,,,,
MUNG-01121,Fifth Floor - 5,2394,RCC,Residential,self,,,,
MUNG-01121,Ground Floor - 0,3803,Asbestos,Residential,self,,,,
MUNG- 18509,Ground Floor - 0,2548,RCC,"pvt school, pvt college, pvt research institutes,other pvt institutes and their hostels",rented,,,,
MUNG- 18509,Ground Floor - 0,3051,RCC,Residential,rented,,,,
MUNG- 18510,Ground Floor - 0,19062,RCC,"pvt school, pvt college, pvt research institutes,other pvt institutes and their hostels",self,,,,
MUNG- 18510,Ground Floor - 0,3444,RCC,Residential,self,,,,
MUNG- 18510,First Floor - 1,15570,RCC,"pvt school, pvt college, pvt research institutes,other pvt institutes and their hostels",self,,,,
MUNG- 15180,Ground Floor - 0,33338,RCC,"pvt school, pvt college, pvt research institutes,other pvt institutes and their hostels",self,,,,
MUNG- 15180,Ground Floor - 0,1672,RCC,Residential,self,,,,
MUNG- 15180,First Floor - 1,3338,RCC,"pvt school, pvt college, pvt research institutes,other pvt institutes and their hostels",self,,,,
MUNG- 15180,Second Floor - 2,12504,RCC,"pvt school, pvt college, pvt research institutes,other pvt institutes and their hostels",self,,,,
MUNG- 03241,Basement - -1,4041,RCC,"commercial office, financial institutions, banks, insurance office, pvt hospitaland nursing home",self,,,,
MUNG- 03241,Ground Floor - 0,4587,RCC,"commercial office, financial institutions, banks, insurance office, pvt hospitaland nursing home",self,,,,
MUNG- 03241,First Floor - 1,4041,RCC,"commercial office, financial institutions, banks, insurance office, pvt hospitaland nursing home",self,,,,
MUNG- 03241,Second Floor - 2,4041,RCC,"commercial office, financial institutions, banks, insurance office, pvt hospitaland nursing home",self,,,,
MUNG- 03241,Third Floor - 3,4041,RCC,"commercial office, financial institutions, banks, insurance office, pvt hospitaland nursing home",self,,,,
MUNG- 03241,Fourth Floor - 4,4041,RCC,"commercial office, financial institutions, banks, insurance office, pvt hospitaland nursing home",self,,,,
MUNG- 03241,Fifth Floor - 5,589,RCC,Residential,self,,,,
MUNG- 10812,Ground Floor - 0,1450,RCC,"pvt school, pvt college, pvt research institutes,other pvt institutes and their hostels",self,,,,
MUNG- 10812,Ground Floor - 0,2040,RCC,Residential,self,,,,
MUNG- 10812,First Floor - 1,2840,RCC,"pvt school, pvt college, pvt research institutes,other pvt institutes and their hostels",self,,,,
MUNG- 21236,Basement - -1,5092,RCC,"shops(250 sq ft and above), showroom, shopping mall, cinema, multiplex, dispensary, lab, restaurant, guest house",rented,,,,
MUNG- 21236,Ground Floor - 0,5092,RCC,"shops(250 sq ft and above), showroom, shopping mall, cinema, multiplex, dispensary, lab, restaurant, guest house",rented,,,,
MUNG- 21236,First Floor - 1,5092,RCC,"shops(250 sq ft and above), showroom, shopping mall, cinema, multiplex, dispensary, lab, restaurant, guest house",rented,,,,
MUNG- 21236,Second Floor - 2,5092,RCC,"shops(250 sq ft and above), showroom, shopping mall, cinema, multiplex, dispensary, lab, restaurant, guest house",rented,,,,
MUNG- 10237,Ground Floor - 0,3456,RCC,"shops(250 sq ft and above), showroom, shopping mall, cinema, multiplex, dispensary, lab, restaurant, guest house",rented,,,,
MUNG- 10237,First Floor - 1,3456,RCC,"shops(250 sq ft and above), showroom, shopping mall, cinema, multiplex, dispensary, lab, restaurant, guest house",rented,,,,
MUNG- 10237,Ground Floor - 0,1216,RCC,Residential,self,,,,
MUNG- 10237,First Floor - 1,1216,RCC,Residential,self,,,,
MUNG- 10237,Second Floor - 2,1216,RCC,Residential,self,,,,
MUNG- 00673,Ground Floor - 0,2214,RCC,"shops(250 sq ft and above), showroom, shopping mall, cinema, multiplex, dispensary, lab, restaurant, guest house",rented,,,,
MUNG- 00673,First Floor - 1,2214,RCC,"shops(250 sq ft and above), showroom, shopping mall, cinema, multiplex, dispensary, lab, restaurant, guest house",rented,,,,
MUNG- 02110,Ground Floor - 0,5925,RCC,"shops(250 sq ft and above), showroom, shopping mall, cinema, multiplex, dispensary, lab, restaurant, guest house",rented,,,,
MUNG- 02110,First Floor - 1,5925,RCC,"shops(250 sq ft and above), showroom, shopping mall, cinema, multiplex, dispensary, lab, restaurant, guest house",rented,,,,
MUNG- 02110,Second Floor - 2,1924,RCC,"shops(250 sq ft and above), showroom, shopping mall, cinema, multiplex, dispensary, lab, restaurant, guest house",rented,,,,
MUNG- 02110,Ground Floor - 0,999,Asbestos,"shops(250 sq ft and above), showroom, shopping mall, cinema, multiplex, dispensary, lab, restaurant, guest house",rented,,,,
MUNG- 13472,Ground Floor - 0,266,Asbestos,"shops(250 sq ft and above), showroom, shopping mall, cinema, multiplex, dispensary, lab, restaurant, guest house",rented,,,,
MUNG- 14139,Ground Floor - 0,710,RCC,"shops(250 sq ft and above), showroom, shopping mall, cinema, multiplex, dispensary, lab, restaurant, guest house",rented,,,,
MUNG- 14139,First Floor - 1,710,RCC,Residential,self,,,,
MUNG- 14139,Second Floor - 2,710,RCC,Residential,self,,,,
MUNG- 14139,Third Floor - 3,710,RCC,Residential,self,,,,
MUNG- 12246,Ground Floor - 0,425,RCC,"shops(250 sq ft and above), showroom, shopping mall, cinema, multiplex, dispensary, lab, restaurant, guest house",self,,,,
MUNG- 12246,First Floor - 1,1122,RCC,Residential,self,,,,
MUNG- 12246,Second Floor - 2,1122,RCC,Residential,self,,,,
MUNG- 12246,Third Floor - 3,1122,RCC,Residential,self,,,,
MUNG- 03550,Ground Floor - 0,2912,RCC,Residential,self,,,,
MUNG- 03550,First Floor - 1,2912,RCC,Residential,self,,,,
MUNG- 03550,Second Floor - 2,2912,RCC,Residential,self,,,,
MUNG- 03550,Third Floor - 3,2912,RCC,Residential,self,,,,
MUNG- 02934,Ground Floor - 0,1092,RCC,"shops(250 sq ft and above), showroom, shopping mall, cinema, multiplex, dispensary, lab, restaurant, guest house",self,,,,
MUNG- 02934,First Floor - 1,1092,RCC,Residential,self,,,,
MUNG- 03966,Ground Floor - 0,2200,RCC,"shops(250 sq ft and above), showroom, shopping mall, cinema, multiplex, dispensary, lab, restaurant, guest house",rented,,,,
MUNG- 03966,First Floor - 1,1300,RCC,"shops(250 sq ft and above), showroom, shopping mall, cinema, multiplex, dispensary, lab, restaurant, guest house",rented,,,,
MUNG- 03966,First Floor - 1,900,RCC,Residential,self,,,,
MUNG- 03966,Second Floor - 2,2200,RCC,"shops(250 sq ft and above), showroom, shopping mall, cinema, multiplex, dispensary, lab, restaurant, guest house",rented,,,,
MUNG- 03966,Third Floor - 3,2200,RCC,"shops(250 sq ft and above), showroom, shopping mall, cinema, multiplex, dispensary, lab, restaurant, guest house",rented,,,,
MUNG- 03966,Fourth Floor - 4,2200,RCC,"shops(250 sq ft and above), showroom, shopping mall, cinema, multiplex, dispensary, lab, restaurant, guest house",rented,,,,
MUNG- 03466,Ground Floor - 0,2262,RCC,"shops(250 sq ft and above), showroom, shopping mall, cinema, multiplex, dispensary, lab, restaurant, guest house",self,,,,
MUNG- 03466,First Floor - 1,2262,RCC,Residential,self,,,,
MUNG- 03466,Second Floor - 2,2262,RCC,Residential,self,,,,
MUNG- 03466,Third Floor - 3,2262,RCC,Residential,self,,,,
MUNG- 10705,Ground Floor - 0,1023,RCC,"shops(250 sq ft and above), showroom, shopping mall, cinema, multiplex, dispensary, lab, restaurant, guest house",rented,,,,
MUNG- 10705,First Floor - 1,1023,RCC,"shops(250 sq ft and above), showroom, shopping mall, cinema, multiplex, dispensary, lab, restaurant, guest house",rented,,,,
MUNG- 14175,Ground Floor - 0,2444.75,RCC,Residential,self,,,,
MUNG- 14175,Ground Floor - 0,180,Asbestos,Residential,self,,,,
MUNG- 14175,First Floor - 1,1865.8,RCC,Residential,self,,,,
MUNG- 12404,Ground Floor - 0,3244.5,RCC,Residential,self,,,,
MUNG- 12404,First Floor - 1,744,RCC,Residential,self,,,,
MUNG- 04201,Ground Floor - 0,1715.5,RCC,Residential,self,,,,
MUNG- 04201,Ground Floor - 0,536.5,RCC,Residential,self,,,,
MUNG- 04201,First Floor - 1,1505.5,RCC,Residential,self,,,,
MUNG- 08974,Ground Floor - 0,2211,RCC,Residential,self,,,,
MUNG- 17457,Ground Floor - 0,3143,RCC,Residential,self,,,,
MUNG- 17457,Ground Floor - 0,200,Asbestos,Residential,self,,,,
MUNG- 17457,First Floor - 1,760,RCC,Residential,self,,,,
MUNG- 10535,Ground Floor - 0,3540.25,RCC,Residential,self,,,,
MUNG- 10535,First Floor - 1,620,RCC,Residential,self,,,,
MUNG- 13606,Ground Floor - 0,3048,RCC,"pvt school, pvt college, pvt research institutes,other pvt institutes and their hostels",self,,,,
MUNG- 13606,Ground Floor - 0,1029,Asbestos,"pvt school, pvt college, pvt research institutes,other pvt institutes and their hostels",self,,,,
MUNG- 13606,Ground Floor - 0,1152,Asbestos,any other,self,,,,
MUNG- 13606,First Floor - 1,3048,RCC,Residential,self,,,,
MUNG- 13606,Second Floor - 2,1700,RCC,Residential,self,,,,
MUNG- 09211,Ground Floor - 0,234,RCC,shops(less than 250 sq ft),self,,,,
MUNG- 09211,Ground Floor - 0,1090,RCC,Residential,self,,,,
MUNG- 09211,First Floor - 1,1326,RCC,"shops(250 sq ft and above), showroom, shopping mall, cinema, multiplex, dispensary, lab, restaurant, guest house",self,,,,
MUNG- 09211,Second Floor - 2,1326,RCC,"shops(250 sq ft and above), showroom, shopping mall, cinema, multiplex, dispensary, lab, restaurant, guest house",self,,,,
MUNG- 09211,Third Floor - 3,780,RCC,Residential,self,,,,
MUNG- 16205,Ground Floor - 0,1400,RCC,Residential,self,,,,
MUNG- 16205,First Floor - 1,1400,RCC,Residential,self,,,,
MUNG- 19412,Ground Floor - 0,715,RCC,"shops(250 sq ft and above), showroom, shopping mall, cinema, multiplex, dispensary, lab, restaurant, guest house",rented,,,,
MUNG- 19412,First Floor - 1,715,RCC,"shops(250 sq ft and above), showroom, shopping mall, cinema, multiplex, dispensary, lab, restaurant, guest house",rented,,,,
MUNG- 19412,Second Floor - 2,715,RCC,"shops(250 sq ft and above), showroom, shopping mall, cinema, multiplex, dispensary, lab, restaurant, guest house",rented,,,,
MUNG- 19412,Third Floor - 3,715,RCC,"shops(250 sq ft and above), showroom, shopping mall, cinema, multiplex, dispensary, lab, restaurant, guest house",rented,,,,
MUNG- 19412,Fourth Floor - 4,715,RCC,"shops(250 sq ft and above), showroom, shopping mall, cinema, multiplex, dispensary, lab, restaurant, guest house",rented,,,,
MUNG- 14307,Ground Floor - 0,1564,RCC,"shops(250 sq ft and above), showroom, shopping mall, cinema, multiplex, dispensary, lab, restaurant, guest house",self,,,,
MUNG- 14307,First Floor - 1,782,RCC,Residential,self,,,,
MUNG- 21035,Ground Floor - 0,1450,RCC,Residential,self,,,,
MUNG- 21035,First Floor - 1,1450,RCC,Residential,self,,,,
MUNG- 21035,Second Floor - 2,1450,RCC,Residential,self,,,,
MUNG- 23670,Ground Floor - 0,819,RCC,Residential,self,,,,
MUNG- 23670,First Floor - 1,819,RCC,Residential,self,,,,
MUNG- 23670,Second Floor - 2,819,RCC,Residential,self,,,,
MUNG- 00976,Ground Floor - 0,77,RCC,shops(less than 250 sq ft),self,,,,
MUNG- 00976,Ground Floor - 0,770,RCC,Residential,self,,,,
MUNG- 00976,First Floor - 1,836,RCC,Residential,self,,,,
MUNG- 00976,Second Floor - 2,836,RCC,Residential,self,,,,
MUNG- 19413,Ground Floor - 0,715,RCC,"shops(250 sq ft and above), showroom, shopping mall, cinema, multiplex, dispensary, lab, restaurant, guest house",rented,,,,
MUNG- 19413,First Floor - 1,715,RCC,"shops(250 sq ft and above), showroom, shopping mall, cinema, multiplex, dispensary, lab, restaurant, guest house",rented,,,,
MUNG- 19413,Second Floor - 2,715,RCC,"shops(250 sq ft and above), showroom, shopping mall, cinema, multiplex, dispensary, lab, restaurant, guest house",rented,,,,
MUNG- 19413,Third Floor - 3,715,RCC,"shops(250 sq ft and above), showroom, shopping mall, cinema, multiplex, dispensary, lab, restaurant, guest house",rented,,,,
MUNG- 19413,Fourth Floor - 4,715,RCC,"shops(250 sq ft and above), showroom, shopping mall, cinema, multiplex, dispensary, lab, restaurant, guest house",rented,,,,
MUNG- 12590,Ground Floor - 0,2470.75,RCC,Residential,self,,,,
MUNG- 12590,First Floor - 1,1244.12,RCC,Residential,self,,,,
MUNG- 12590,Second Floor - 2,1244.12,RCC,Residential,self,,,,
MUNG- 16921,Ground Floor - 0,1697,RCC,Residential,self,,,,
MUNG- 16921,First Floor - 1,1480.5,RCC,Residential,self,,,,
MUNG- 16921,Second Floor - 2,204,RCC,Residential,self,,,,
MUNG- 17333,Ground Floor - 0,1912,RCC,Residential,self,,,,
MUNG- 17333,First Floor - 1,1560,RCC,Residential,self,,,,
MUNG- 13793,Ground Floor - 0,910,Asbestos,"shops(250 sq ft and above), showroom, shopping mall, cinema, multiplex, dispensary, lab, restaurant, guest house",self,,,,
MUNG- 13793,Ground Floor - 0,2816,Asbestos,"shops(250 sq ft and above), showroom, shopping mall, cinema, multiplex, dispensary, lab, restaurant, guest house",self,,,,
MUNG- 13793,First Floor - 1,1705,RCC,Residential,self,,,,
MUNG- 13793,First Floor - 1,1705,Asbestos,Residential,self,,,,
MUNG- 21202,Ground Floor - 0,646,RCC,"shops(250 sq ft and above), showroom, shopping mall, cinema, multiplex, dispensary, lab, restaurant, guest house",self,,,,
MUNG- 21202,Ground Floor - 0,748,RCC,Residential,self,,,,
MUNG- 21202,First Floor - 1,1394,RCC,Residential,self,,,,
MUNG- 12886,Ground Floor - 0,280,RCC,"shops(250 sq ft and above), showroom, shopping mall, cinema, multiplex, dispensary, lab, restaurant, guest house",self,,,,
MUNG- 12886,Ground Floor - 0,2882,RCC,Residential,self,,,,
MUNG- 12886,First Floor - 1,3162,RCC,Residential,self,,,,
MUNG- 11292,Ground Floor - 0,1230,RCC,"shops(250 sq ft and above), showroom, shopping mall, cinema, multiplex, dispensary, lab, restaurant, guest house",self,,,,
MUNG- 11292,Ground Floor - 0,1681,RCC,Residential,self,,,,
MUNG- 11292,First Floor - 1,2911,RCC,Residential,self,,,,
MUNG- 08160,Ground Floor - 0,1815,RCC,"shops(250 sq ft and above), showroom, shopping mall, cinema, multiplex, dispensary, lab, restaurant, guest house",rented,,,,
MUNG- 02667,Ground Floor - 0,1050,RCC,Residential,self,,,,
MUNG- 02667,First Floor - 1,405,RCC,Residential,self,,,,
MUNG- 02667,Second Floor - 2,405,RCC,Residential,self,,,,
MUNG- 28244,Ground Floor - 0,1200,RCC,Residential,self,,,,
MUNG- 28244,First Floor - 1,1200,RCC,Residential,self,,,,
MUNG- 04832,Ground Floor - 0,1824,RCC,"shops(250 sq ft and above), showroom, shopping mall, cinema, multiplex, dispensary, lab, restaurant, guest house",rented,,,,
MUNG- 13293,Ground Floor - 0,2960,RCC,Residential,self,,,,
MUNG- 13293,First Floor - 1,2960,RCC,Residential,self,,,,
MUNG- 08188,Ground Floor - 0,3262,RCC,Residential,self,,,,
MUNG- 08188,Ground Floor - 0,1620,RCC,"shops(250 sq ft and above), showroom, shopping mall, cinema, multiplex, dispensary, lab, restaurant, guest house",self,,,,
MUNG- 08188,First Floor - 1,4882,RCC,Residential,self,,,,
MUNG- 02978,Ground Floor - 0,1500,RCC,"shops(250 sq ft and above), showroom, shopping mall, cinema, multiplex, dispensary, lab, restaurant, guest house",rented,,,,
MUNG- 02978,First Floor - 1,1200,RCC,Residential,self,,,,
MUNG- 22658,Ground Floor - 0,2189,RCC,Residential,self,,,,
MUNG- 22658,First Floor - 1,1536,RCC,Residential,self,,,,
MUNG- 05227,Ground Floor - 0,3138,RCC,Residential,self,,,,
MUNG- 05227,Ground Floor - 0,390,RCC,any other,self,,,,
MUNG- 05227,Ground Floor - 0,130,Asbestos,any other,self,,,,
MUNG- 05227,First Floor - 1,3138,RCC,Residential,self,,,,
MUNG- 03103,Ground Floor - 0,2438,RCC,Residential,self,,,,
MUNG- 03103,Ground Floor - 0,1240,Asbestos,Residential,self,,,,
MUNG- 03103,Ground Floor - 0,451.56,Other,any other,rented,,,,
MUNG- 03103,First Floor - 1,550,RCC,Residential,self,,,,
MUNG- 03737,Ground Floor - 0,2075,RCC,Residential,self,,,,
MUNG- 03737,First Floor - 1,2075,RCC,Residential,self,,,,
MUNG- 03737,Second Floor - 2,700,RCC,Residential,self,,,,
MUNG- 10290,Ground Floor - 0,2516,RCC,Residential,self,,,,
MUNG- 10290,First Floor - 1,2516,RCC,Residential,self,,,,
MUNG- 1351,Ground Floor - 0,3618,RCC,"commercial office, financial institutions, banks, insurance office, pvt hospitaland nursing home",self,,,,
MUNG- 1351,First Floor - 1,3618,RCC,"commercial office, financial institutions, banks, insurance office, pvt hospitaland nursing home",self,,,,
MUNG- 1351,Second Floor - 2,3618,RCC,"commercial office, financial institutions, banks, insurance office, pvt hospitaland nursing home",self,,,,
MUNG- 1351,Third Floor - 3,3618,Asbestos,"commercial office, financial institutions, banks, insurance office, pvt hospitaland nursing home",self,,,,
MUNG- 09313,Ground Floor - 0,1440,RCC,"commercial office, financial institutions, banks, insurance office, pvt hospitaland nursing home",rented,,,,
MUNG- 09313,First Floor - 1,1440,RCC,"commercial office, financial institutions, banks, insurance office, pvt hospitaland nursing home",rented,,,,
MUNG- 09313,Second Floor - 2,1440,RCC,"commercial office, financial institutions, banks, insurance office, pvt hospitaland nursing home",rented,,,,
MUNG- 09313,Third Floor - 3,1440,RCC,"commercial office, financial institutions, banks, insurance office, pvt hospitaland nursing home",rented,,,,
MUNG- 00848,Ground Floor - 0,1612,RCC,"shops(250 sq ft and above), showroom, shopping mall, cinema, multiplex, dispensary, lab, restaurant, guest house",self,,,,
MUNG- 00848,First Floor - 1,1612,RCC,Residential,self,,,,
MUNG- 17916,Ground Floor - 0,1610,RCC,"shops(250 sq ft and above), showroom, shopping mall, cinema, multiplex, dispensary, lab, restaurant, guest house",self,,,,
MUNG- 17916,Ground Floor - 0,1215,RCC,Residential,self,,,,
MUNG- 17916,First Floor - 1,1215,RCC,"shops(250 sq ft and above), showroom, shopping mall, cinema, multiplex, dispensary, lab, restaurant, guest house",self,,,,
MUNG- 17916,First Floor - 1,1610,RCC,Residential,self,,,,
MUNG- 13054,Ground Floor - 0,1170,RCC,"commercial office, financial institutions, banks, insurance office, pvt hospitaland nursing home",rented,,,,
MUNG- 13054,First Floor - 1,1170,RCC,"commercial office, financial institutions, banks, insurance office, pvt hospitaland nursing home",rented,,,,
MUNG- 13054,Second Floor - 2,1170,RCC,"commercial office, financial institutions, banks, insurance office, pvt hospitaland nursing home",rented,,,,
MUNG- 13054,Third Floor - 3,1170,RCC,"commercial office, financial institutions, banks, insurance office, pvt hospitaland nursing home",rented,,,,
MUNG- 13054,Fourth Floor - 4,1170,RCC,"commercial office, financial institutions, banks, insurance office, pvt hospitaland nursing home",rented,,,,
MUNG- 11961,Ground Floor - 0,1170,RCC,"commercial office, financial institutions, banks, insurance office, pvt hospitaland nursing home",rented,,,,
MUNG- 11961,First Floor - 1,1170,RCC,"commercial office, financial institutions, banks, insurance office, pvt hospitaland nursing home",rented,,,,
MUNG- 11961,Second Floor - 2,1170,RCC,"commercial office, financial institutions, banks, insurance office, pvt hospitaland nursing home",rented,,,,
MUNG- 11961,Third Floor - 3,1170,RCC,"commercial office, financial institutions, banks, insurance office, pvt hospitaland nursing home",rented,,,,
MUNG- 11961,Fourth Floor - 4,1170,RCC,"commercial office, financial institutions, banks, insurance office, pvt hospitaland nursing home",rented,,,,
MUNG- 14087,Ground Floor - 0,1960,RCC,"commercial office, financial institutions, banks, insurance office, pvt hospitaland nursing home",self,,,,
MUNG- 14087,First Floor - 1,1960,RCC,"commercial office, financial institutions, banks, insurance office, pvt hospitaland nursing home",self,,,,
MUNG- 03175,Basement - -1,450,RCC,"Hotel, bar, club, healthclub, marriage hall",self,,,,
MUNG- 03175,Ground Floor - 0,960,RCC,"Hotel, bar, club, healthclub, marriage hall",self,,,,
MUNG- 03175,First Floor - 1,960,RCC,"Hotel, bar, club, healthclub, marriage hall",self,,,,
MUNG- 03175,Second Floor - 2,960,RCC,"Hotel, bar, club, healthclub, marriage hall",self,,,,
MUNG- 13657,Basement - -1,1400,RCC,"shops(250 sq ft and above), showroom, shopping mall, cinema, multiplex, dispensary, lab, restaurant, guest house",self,,,,
MUNG- 13657,Ground Floor - 0,1800,RCC,"shops(250 sq ft and above), showroom, shopping mall, cinema, multiplex, dispensary, lab, restaurant, guest house",self,,,,
MUNG- 13657,First Floor - 1,1800,RCC,Residential,self,,,,
MUNG- 13657,Second Floor - 2,1800,RCC,Residential,self,,,,
MUNG- 13657,Third Floor - 3,1800,RCC,Residential,self,,,,
MUNG- 13657,Fourth Floor - 4,263,RCC,Residential,self,,,,
MUNG- 22498,Ground Floor - 0,2408,RCC,"Hotel, bar, club, healthclub, marriage hall",self,,,,
MUNG- 22498,First Floor - 1,2408,RCC,"Hotel, bar, club, healthclub, marriage hall",self,,,,
MUNG- 22498,Second Floor - 2,2408,RCC,"Hotel, bar, club, healthclub, marriage hall",self,,,,
MUNG- 22498,Third Floor - 3,1272,RCC,"Hotel, bar, club, healthclub, marriage hall",self,,,,
MUNG- 14896,Ground Floor - 0,2544,RCC,Residential,self,,,,
MUNG- 14896,First Floor - 1,2544,RCC,Residential,rented,,,,
MUNG- 14896,Second Floor - 2,2544,RCC,Residential,rented,,,,
MUNG- 14896,Third Floor - 3,2544,RCC,Residential,rented,,,,
MUNG- 28912,Ground Floor - 0,528,RCC,"shops(250 sq ft and above), showroom, shopping mall, cinema, multiplex, dispensary, lab, restaurant, guest house",rented,,,,
MUNG- 28912,Ground Floor - 0,748,RCC,"shops(250 sq ft and above), showroom, shopping mall, cinema, multiplex, dispensary, lab, restaurant, guest house",rented,,,,
MUNG- 28912,Ground Floor - 0,1932,Asbestos,Residential,rented,,,,
MUNG- 28912,First Floor - 1,1081,RCC,Residential,rented,,,,
MUNG- 28912,First Floor - 1,128,RCC,Residential,rented,,,,
MUNG- 03658,Ground Floor - 0,2014,RCC,"Hotel, bar, club, healthclub, marriage hall",rented,,,,
MUNG- 03658,Ground Floor - 0,1656,RCC,Residential,self,,,,
MUNG- 23434,Ground Floor - 0,200,RCC,"commercial office, financial institutions, banks, insurance office, pvt hospitaland nursing home",self,,,,
MUNG- 10421,Ground Floor - 0,1118,RCC,"shops(250 sq ft and above), showroom, shopping mall, cinema, multiplex, dispensary, lab, restaurant, guest house",self,,,,
MUNG- 10421,Ground Floor - 0,1849,RCC,Residential,self,,,,
MUNG- 25591,Ground Floor - 0,200,Asbestos,Residential,self,,,,
MUNG- 25591,Ground Floor - 0,2288,RCC,Residential,self,,,,
MUNG- 25591,Ground Floor - 0,260,RCC,Residential,self,,,,
MUNG- 01374,Ground Floor - 0,930,RCC,"industry, workshop, storage, godown, warehouse",self,,,,
MUNG- 01374,Ground Floor - 0,946,Asbestos,"industry, workshop, storage, godown, warehouse",self,,,,
MUNG- 01374,First Floor - 1,930,Asbestos,"industry, workshop, storage, godown, warehouse",self,,,,
MUNG- 03464,Ground Floor - 0,2142,RCC,"shops(250 sq ft and above), showroom, shopping mall, cinema, multiplex, dispensary, lab, restaurant, guest house",rented,,,,
MUNG- 03464,Ground Floor - 0,210,Asbestos,"shops(250 sq ft and above), showroom, shopping mall, cinema, multiplex, dispensary, lab, restaurant, guest house",rented,,,,
MUNG- 03464,First Floor - 1,2142,RCC,"shops(250 sq ft and above), showroom, shopping mall, cinema, multiplex, dispensary, lab, restaurant, guest house",rented,,,,
MUNG- 00991,Ground Floor - 0,690,RCC,"shops(250 sq ft and above), showroom, shopping mall, cinema, multiplex, dispensary, lab, restaurant, guest house",self,,,,
MUNG- 00991,Ground Floor - 0,805,RCC,Residential,self,,,,
MUNG- 27834,Ground Floor - 0,4429,RCC,Residential,self,,,,
MUNG- 27834,Ground Floor - 0,1966,Asbestos,Residential,self,,,,
MUNG- 27834,First Floor - 1,850,RCC,Residential,self,,,,
MUNG- 27765,Ground Floor - 0,1178,RCC,"shops(250 sq ft and above), showroom, shopping mall, cinema, multiplex, dispensary, lab, restaurant, guest house",rented,,,,
MUNG- 27765,First Floor - 1,1178,RCC,"shops(250 sq ft and above), showroom, shopping mall, cinema, multiplex, dispensary, lab, restaurant, guest house",self,,,,
MUNG- 13981,Ground Floor - 0,966,RCC,"shops(250 sq ft and above), showroom, shopping mall, cinema, multiplex, dispensary, lab, restaurant, guest house",rented,,,,
MUNG- 13981,First Floor - 1,966,RCC,"shops(250 sq ft and above), showroom, shopping mall, cinema, multiplex, dispensary, lab, restaurant, guest house",rented,,,,
MUNG- 18951,Ground Floor - 0,2200,RCC,"shops(250 sq ft and above), showroom, shopping mall, cinema, multiplex, dispensary, lab, restaurant, guest house",rented,,,,
MUNG- 18951,First Floor - 1,2200,RCC,"shops(250 sq ft and above), showroom, shopping mall, cinema, multiplex, dispensary, lab, restaurant, guest house",rented,,,,
MUNG- 12418,Ground Floor - 0,2080,RCC,"shops(250 sq ft and above), showroom, shopping mall, cinema, multiplex, dispensary, lab, restaurant, guest house",self,,,,
MUNG- 12418,Ground Floor - 0,1144,RCC,Residential,self,,,,
MUNG- 12418,First Floor - 1,858,Asbestos,Residential,self,,,,
MUNG- 14208,Ground Floor - 0,3346,RCC,Residential,self,,,,
MUNG- 14208,Ground Floor - 0,294,RCC,"shops(250 sq ft and above), showroom, shopping mall, cinema, multiplex, dispensary, lab, restaurant, guest house",rented,,,,
MUNG- 14208,First Floor - 1,1547,RCC,Residential,self,,,,
MUNG- 06779,Ground Floor - 0,1664,RCC,Residential,self,,,,
MUNG- 06779,First Floor - 1,1664,RCC,Residential,self,,,,
MUNG- 06779,Second Floor - 2,1664,RCC,Residential,self,,,,
MUNG- 10564,Ground Floor - 0,1528,RCC,"shops(250 sq ft and above), showroom, shopping mall, cinema, multiplex, dispensary, lab, restaurant, guest house",self,,,,
MUNG- 10564,First Floor - 1,1248,RCC,Residential,self,,,,
MUNG- 10564,Second Floor - 2,1248,RCC,Residential,self,,,,
MUNG- 13382,Ground Floor - 0,1836,RCC,"pvt school, pvt college, pvt research institutes,other pvt institutes and their hostels",self,,,,
MUNG- 13382,Ground Floor - 0,399,Asbestos,"pvt school, pvt college, pvt research institutes,other pvt institutes and their hostels",self,,,,
MUNG- 13382,First Floor - 1,1836,RCC,"pvt school, pvt college, pvt research institutes,other pvt institutes and their hostels",self,,,,
MUNG- 13382,Second Floor - 2,1836,RCC,"pvt school, pvt college, pvt research institutes,other pvt institutes and their hostels",self,,,,
MUNG- 13382,Third Floor - 3,1836,RCC,"pvt school, pvt college, pvt research institutes,other pvt institutes and their hostels",self,,,,
MUNG- 13382,Fourth Floor - 4,1836,RCC,"pvt school, pvt college, pvt research institutes,other pvt institutes and their hostels",self,,,,
MUNG- 12008,Ground Floor - 0,2880,RCC,Residential,self,,,,
MUNG- 12008,First Floor - 1,2880,RCC,Residential,self,,,,
MUNG- 12008,Second Floor - 2,2880,RCC,Residential,self,,,,
MUNG- 12008,Third Floor - 3,370,Asbestos,Residential,self,,,,
MUNG- 19406,Ground Floor - 0,1454,RCC,Residential,self,,,,
MUNG- 19406,First Floor - 1,1454,RCC,Residential,self,,,,
MUNG- 19406,Second Floor - 2,1454,RCC,Residential,self,,,,
MUNG- 19406,Third Floor - 3,230,RCC,Residential,self,,,,
MUNG- 06724,Ground Floor - 0,1760,RCC,Residential,self,,,,
MUNG- 06724,First Floor - 1,1760,RCC,Residential,self,,,,
MUNG- 06724,Second Floor - 2,1760,RCC,Residential,self,,,,
MUNG- 14519,Ground Floor - 0,1839,RCC,Residential,self,,,,
MUNG- 14519,Ground Floor - 0,493,Asbestos,Residential,self,,,,
MUNG- 14519,First Floor - 1,105,RCC,Residential,self,,,,
MUNG- 07470,Ground Floor - 0,1114,RCC,Residential,self,,,,
MUNG- 07470,First Floor - 1,1114,RCC,Residential,self,,,,
MUNG- 07470,Second Floor - 2,371,RCC,Residential,self,,,,
MUNG- 07470,Third Floor - 3,371,RCC,any other,rented,,,,
MUNG- 09312,Ground Floor - 0,64,RCC,shops(less than 250 sq ft),self,,,,
MUNG- 09312,Ground Floor - 0,771,RCC,Residential,self,,,,
MUNG- 09312,First Floor - 1,835,RCC,Residential,self,,,,
MUNG- 09312,Second Floor - 2,835,RCC,Residential,self,,,,
MUNG- 21156,Ground Floor - 0,2037,RCC,"shops(250 sq ft and above), showroom, shopping mall, cinema, multiplex, dispensary, lab, restaurant, guest house",rented,,,,
MUNG- 21156,Ground Floor - 0,968,Asbestos,"shops(250 sq ft and above), showroom, shopping mall, cinema, multiplex, dispensary, lab, restaurant, guest house",rented,,,,
MUNG- 04819,Ground Floor - 0,1555,RCC,Residential,self,,,,
MUNG- 04819,Ground Floor - 0,782,Asbestos,Residential,self,,,,
MUNG- 04819,First Floor - 1,1555,RCC,Residential,self,,,,
MUNG- 04819,Second Floor - 2,1555,RCC,Residential,self,,,,
MUNG- 17675,Ground Floor - 0,1880,RCC,Residential,self,,,14476,1302.84
MUNG- 17675,Ground Floor - 0,235,Asbestos,any other,self,,,6204,558.36
MUNG- 17675,Ground Floor - 0,451,Other,any other,rented,,,8929.8,803.68
MUNG- 19363,Ground Floor - 0,1343.25,RCC,Residential,self,,,10343.02,930.87
MUNG- 19363,Ground Floor - 0,1145.81,RCC,Residential,self,,,8822.74,794.05
MUNG- 19363,Ground Floor - 0,200,RCC,Residential,self,,,1540,138.6
MUNG- 19363,First Floor - 1,1343.25,RCC,Residential,self,,,10343.02,930.87
MUNG- 05363,Ground Floor - 0,2146,RCC,Residential,self,,,16524.2,1487.18
MUNG- 05363,First Floor - 1,2146,RCC,Residential,self,,,16524.2,1487.18
MUNG- 07150,Ground Floor - 0,1260,RCC,"shops(250 sq ft and above), showroom, shopping mall, cinema, multiplex, dispensary, lab, restaurant, guest house",self,,,49896,4490.64
MUNG- 07150,First Floor - 1,1260,RCC,Residential,self,,,9702,873.18
MUNG- 07150,Second Floor - 2,1260,RCC,Residential,self,,,9702,873.18
MUNG- 07687,Ground Floor - 0,2019,RCC,"pvt school, pvt college, pvt research institutes,other pvt institutes and their hostels",rented,,,119928.6,10793.57
MUNG- 07687,First Floor - 1,1904,RCC,Residential,self,,,14660.8,1319.47
MUNG- 07687,Second Floor - 2,165,Asbestos,Residential,self,,,1039.5,93.55
MUNG- 23537,Ground Floor - 0,3404,RCC,"pvt school, pvt college, pvt research institutes,other pvt institutes and their hostels",rented,,,202197.6,18197.78
MUNG- 23537,First Floor - 1,3404,RCC,"Hotel, bar, club, healthclub, marriage hall",self,,,269596.8,24263.71
MUNG- 23537,Second Floor - 2,1610,RCC,"Hotel, bar, club, healthclub, marriage hall",self,,,127512,11476.08
MUNG- 20019,Ground Floor - 0,1842,RCC,Residential,self,,,14183.4,1276.51
MUNG- 20019,First Floor - 1,1683,RCC,Residential,self,,,12959.1,1166.32
MUNG- 20019,Second Floor - 2,106,RCC,Residential,self,,,816.2,73.46
MUNG- 20019,Ground Floor - 0,159,Asbestos,Residential,self,,,1001.7,90.15
MUNG- 08877,Ground Floor - 0,1056,RCC,"shops(250 sq ft and above), showroom, shopping mall, cinema, multiplex, dispensary, lab, restaurant, guest house",rented,,,83635.2,7527.17
MUNG- 08877,Ground Floor - 0,9407,Asbestos,"shops(250 sq ft and above), showroom, shopping mall, cinema, multiplex, dispensary, lab, restaurant, guest house",rented,,,558775.8,50289.82
MUNG- 01856,Ground Floor - 0,163,RCC,shops(less than 250 sq ft),rented,,,8606.4,774.58
MUNG- 01856,Ground Floor - 0,103,RCC,shops(less than 250 sq ft),self,,,3625.6,326.3
MUNG- 01856,Ground Floor - 0,180,RCC,shops(less than 250 sq ft),self,,,6336,570.24
MUNG- 01856,Ground Floor - 0,1066,RCC,Residential,self,,,12685.4,1141.69
MUNG- 01856,First Floor - 1,1512,RCC,"shops(250 sq ft and above), showroom, shopping mall, cinema, multiplex, dispensary, lab, restaurant, guest house",rented,,,119750.4,10777.54
MUNG- 01856,Second Floor - 2,1512,RCC,Residential,self,,,17992.8,1619.35
MUNG- 02591,Ground Floor - 0,5554,RCC,"pvt school, pvt college, pvt research institutes,other pvt institutes and their hostels",rented,,,329907.6,29691.68
MUNG- 02591,Ground Floor - 0,282,Asbestos,"pvt school, pvt college, pvt research institutes,other pvt institutes and their hostels",rented,,,11167.2,1005.05
MUNG- 02591,First Floor - 1,2312,RCC,"pvt school, pvt college, pvt research institutes,other pvt institutes and their hostels",rented,,,137332.8,12359.95
MUNG- 02591,Second Floor - 2,2312,RCC,"pvt school, pvt college, pvt research institutes,other pvt institutes and their hostels",rented,,,137332.8,12359.95
MUNG- 02591,Third Floor - 3,762,RCC,"pvt school, pvt college, pvt research institutes,other pvt institutes and their hostels",rented,,,45262.8,4073.65
MUNG- 14582,Ground Floor - 0,3970,RCC,"Hotel, bar, club, healthclub, marriage hall",self,,,314424,28298.16
MUNG- 14582,Ground Floor - 0,6934,Asbestos,"Hotel, bar, club, healthclub, marriage hall",self,,,366115.2,32950.37
MUNG- 14582,First Floor - 1,2388,RCC,"Hotel, bar, club, healthclub, marriage hall",self,,,189129.6,17021.66
MUNG- 14582,First Floor - 1,1258,Asbestos,"Hotel, bar, club, healthclub, marriage hall",self,,,66422.4,5978.02
MUNG- 10649,Ground Floor - 0,5434,RCC,"pvt school, pvt college, pvt research institutes,other pvt institutes and their hostels",self,,,286915.2,25822.37
MUNG- 10649,Ground Floor - 0,2600,Asbestos,"pvt school, pvt college, pvt research institutes,other pvt institutes and their hostels",self,,,102960,9266.4
MUNG- 10649,First Floor - 1,3034,RCC,"pvt school, pvt college, pvt research institutes,other pvt institutes and their hostels",self,,,160195.2,14417.57
MUNG- 10649,Second Floor - 2,3034,RCC,"pvt school, pvt college, pvt research institutes,other pvt institutes and their hostels",self,,,160195.2,14417.57
MUNG- 09342,Basement - -1,2000,RCC,Residential,self,,,23800,2142
MUNG- 09342,Basement - -1,2000,RCC,"shops(250 sq ft and above), showroom, shopping mall, cinema, multiplex, dispensary, lab, restaurant, guest house",self,,,105600,9504
MUNG- 09342,Ground Floor - 0,4400,RCC,"commercial office, financial institutions, banks, insurance office, pvt hospitaland nursing home",self,,,464640,41817.6
MUNG- 09342,First Floor - 1,4400,RCC,"commercial office, financial institutions, banks, insurance office, pvt hospitaland nursing home",self,,,464640,41817.6
MUNG- 09342,Second Floor - 2,4400,RCC,"commercial office, financial institutions, banks, insurance office, pvt hospitaland nursing home",self,,,464640,41817.6
MUNG- 09342,Third Floor - 3,4400,RCC,"commercial office, financial institutions, banks, insurance office, pvt hospitaland nursing home",self,,,464640,41817.6
MUNG- 09342,Fourth Floor - 4,4400,RCC,Residential,self,,,52360,4712.4
MUNG- 09342,Fifth Floor - 5,4400,RCC,Residential,self,,,52360,4712.4
MUNG- 11412,Ground Floor - 0,2880,RCC,"shops(250 sq ft and above), showroom, shopping mall, cinema, multiplex, dispensary, lab, restaurant, guest house",rented,,,228096,20528.64
MUNG- 11412,Ground Floor - 0,210,Asbestos,shops(less than 250 sq ft),rented,,,8316,748.44
MUNG- 11412,First Floor - 1,1680,RCC,"shops(250 sq ft and above), showroom, shopping mall, cinema, multiplex, dispensary, lab, restaurant, guest house",rented,,,133056,11975.04
MUNG- 11412,First Floor - 1,1200,RCC,Residential,self,,,14280,1285.2
MUNG- 11412,Second Floor - 2,120,RCC,Residential,self,,,1428,128.52
MUNG- 08364,Ground Floor - 0,1743,RCC,Residential,self,,,20741.7,1866.75
MUNG- 08364,First Floor - 1,1743,RCC,Residential,self,,,20741.7,1866.75
MUNG- 08364,Second Floor - 2,1743,RCC,Residential,rented,,,31112.55,2800.13
MUNG- 29218,Ground Floor - 0,1638,RCC,Residential,self,,,19492.2,1754.3
MUNG- 29218,First Floor - 1,1638,RCC,"shops(250 sq ft and above), showroom, shopping mall, cinema, multiplex, dispensary, lab, restaurant, guest house",rented,,,129729.6,11675.66
MUNG- 29218,Second Floor - 2,1638,RCC,"shops(250 sq ft and above), showroom, shopping mall, cinema, multiplex, dispensary, lab, restaurant, guest house",rented,,,129729.6,11675.66
MUNG- 29218,Third Floor - 3,1638,RCC,Residential,self,,,19492.2,1754.3
MUNG- 07009,Ground Floor - 0,3008,RCC,Residential,self,,,35795.2,3221.57
MUNG- 07009,First Floor - 1,1920,RCC,Residential,self,,,22848,2056.32
MUNG- 14428,Ground Floor - 0,3490,RCC,"shops(250 sq ft and above), showroom, shopping mall, cinema, multiplex, dispensary, lab, restaurant, guest house",self,,,184272,16584.48
MUNG- 14428,Ground Floor - 0,1516,Asbestos,"shops(250 sq ft and above), showroom, shopping mall, cinema, multiplex, dispensary, lab, restaurant, guest house",self,,,60033.6,5403.02
MUNG- 14428,Ground Floor - 0,432,Asbestos,"shops(250 sq ft and above), showroom, shopping mall, cinema, multiplex, dispensary, lab, restaurant, guest house",self,,,17107.2,1539.65
MUNG- 14428,First Floor - 1,3490,RCC,"shops(250 sq ft and above), showroom, shopping mall, cinema, multiplex, dispensary, lab, restaurant, guest house",self,,,184272,16584.48
MUNG- 04440,Ground Floor - 0,1930,RCC,"commercial office, financial institutions, banks, insurance office, pvt hospitaland nursing home",self,,,203808,18342.72
MUNG- 04440,First Floor - 1,1930,RCC,"commercial office, financial institutions, banks, insurance office, pvt hospitaland nursing home",self,,,203808,18342.72
MUNG- 04440,Second Floor - 2,1930,RCC,"commercial office, financial institutions, banks, insurance office, pvt hospitaland nursing home",self,,,203808,18342.72
MUNG- 04008,Ground Floor - 0,3216,RCC,"shops(250 sq ft and above), showroom, shopping mall, cinema, multiplex, dispensary, lab, restaurant, guest house",rented,,,191030.4,17192.74
MUNG- 04008,Ground Floor - 0,600,RCC,Residential,self,,,4620,415.8
MUNG- 04008,First Floor - 1,3816,RCC,Residential,self,,,29383.2,2644.49
MUNG- 22574,Ground Floor - 0,1440,RCC,"shops(250 sq ft and above), showroom, shopping mall, cinema, multiplex, dispensary, lab, restaurant, guest house",self,,,76032,6842.88
MUNG- 22574,First Floor - 1,1440,RCC,"shops(250 sq ft and above), showroom, shopping mall, cinema, multiplex, dispensary, lab, restaurant, guest house",self,,,76032,6842.88
MUNG- 22574,Second Floor - 2,1440,RCC,"shops(250 sq ft and above), showroom, shopping mall, cinema, multiplex, dispensary, lab, restaurant, guest house",self,,,76032,6842.88
MUNG- 22574,Third Floor - 3,1440,RCC,"shops(250 sq ft and above), showroom, shopping mall, cinema, multiplex, dispensary, lab, restaurant, guest house",self,,,76032,6842.88
MUNG- 22574,Fourth Floor - 4,1440,RCC,Residential,self,,,17136,1542.24
MUNG- 22574,Fifth Floor - 5,360,RCC,Residential,self,,,4284,385.56
MUNG- 04221,Ground Floor - 0,2700,RCC,"shops(250 sq ft and above), showroom, shopping mall, cinema, multiplex, dispensary, lab, restaurant, guest house",rented,,,213840,19245.6
MUNG- 04221,Ground Floor - 0,2000,RCC,Residential,self,,,23800,2142
MUNG- 04221,First Floor - 1,1000,RCC,"shops(250 sq ft and above), showroom, shopping mall, cinema, multiplex, dispensary, lab, restaurant, guest house",rented,,,79200,7128
MUNG- 04221,First Floor - 1,1700,Asbestos,"shops(250 sq ft and above), showroom, shopping mall, cinema, multiplex, dispensary, lab, restaurant, guest house",rented,,,100980,9088.2
MUNG- 19962,Ground Floor - 0,720,RCC,"shops(250 sq ft and above), showroom, shopping mall, cinema, multiplex, dispensary, lab, restaurant, guest house",rented,,,57024,5132.16
MUNG- 19962,Ground Floor - 0,5870,Asbestos,"shops(250 sq ft and above), showroom, shopping mall, cinema, multiplex, dispensary, lab, restaurant, guest house",rented,,,348678,31381.02
MUNG- 14647,Basement - -1,2078,RCC,"shops(250 sq ft and above), showroom, shopping mall, cinema, multiplex, dispensary, lab, restaurant, guest house",rented,,,,
MUNG- 14647,Ground Floor - 0,2178,RCC,"shops(250 sq ft and above), showroom, shopping mall, cinema, multiplex, dispensary, lab, restaurant, guest house",rented,,,,
MUNG- 14647,First Floor - 1,2178,RCC,"shops(250 sq ft and above), showroom, shopping mall, cinema, multiplex, dispensary, lab, restaurant, guest house",rented,,,,
MUNG- 14647,Second Floor - 2,2178,RCC,"shops(250 sq ft and above), showroom, shopping mall, cinema, multiplex, dispensary, lab, restaurant, guest house",rented,,,,
MUNG- 14647,Third Floor - 3,2178,RCC,Residential,self,,,,
MUNG- 10134,Ground Floor - 0,3000,RCC,Residential,self,,,,
MUNG- 09370,Ground Floor - 0,2614,RCC,"shops(250 sq ft and above), showroom, shopping mall, cinema, multiplex, dispensary, lab, restaurant, guest house",rented,,,,
MUNG- 09370,First Floor - 1,2614,RCC,"shops(250 sq ft and above), showroom, shopping mall, cinema, multiplex, dispensary, lab, restaurant, guest house",rented,,,,
MUNG- 09370,Second Floor - 2,2614,RCC,"shops(250 sq ft and above), showroom, shopping mall, cinema, multiplex, dispensary, lab, restaurant, guest house",rented,,,,
MUNG- 09216,Ground Floor - 0,1961,RCC,"Hotel, bar, club, healthclub, marriage hall",self,,,,
MUNG- 09216,Ground Floor - 0,150,RCC,Residential,self,,,,
MUNG- 09216,First Floor - 1,1111,RCC,Residential,self,,,,
MUNG- 09216,First Floor - 1,1000,RCC,"Hotel, bar, club, healthclub, marriage hall",self,,,,
MUNG- 09216,Second Floor - 2,2111,RCC,"Hotel, bar, club, healthclub, marriage hall",self,,,,
MUNG- 09216,Third Floor - 3,660,RCC,Residential,self,,,,
MUNG- 29232,Ground Floor - 0,1200,RCC,Residential,self,,,,
MUNG- 29232,Ground Floor - 0,1000,Asbestos,Residential,self,,,,
MUNG- 00677,Ground Floor - 0,1080,RCC,"shops(250 sq ft and above), showroom, shopping mall, cinema, multiplex, dispensary, lab, restaurant, guest house",rented,,,,
MUNG- 00677,First Floor - 1,1080,RCC,"shops(250 sq ft and above), showroom, shopping mall, cinema, multiplex, dispensary, lab, restaurant, guest house",rented,,,,
MUNG- 00677,Second Floor - 2,1080,RCC,"shops(250 sq ft and above), showroom, shopping mall, cinema, multiplex, dispensary, lab, restaurant, guest house",rented,,,,
MUNG- 00677,Third Floor - 3,1080,RCC,"shops(250 sq ft and above), showroom, shopping mall, cinema, multiplex, dispensary, lab, restaurant, guest house",rented,,,,
MUNG- 08379,Basement - -1,1680,RCC,"shops(250 sq ft and above), showroom, shopping mall, cinema, multiplex, dispensary, lab, restaurant, guest house",rented,,,,
MUNG- 08379,Ground Floor - 0,4210,RCC,"shops(250 sq ft and above), showroom, shopping mall, cinema, multiplex, dispensary, lab, restaurant, guest house",rented,,,,
MUNG- 08379,First Floor - 1,3990,RCC,Residential,self,,,,
MUNG- 08379,Second Floor - 2,3990,RCC,Residential,self,,,,
MUNG- 08379,Ground Floor - 0,320,Asbestos,Residential,self,,,,
MUNG- 07813,Ground Floor - 0,2500,RCC,"pvt school, pvt college, pvt research institutes,other pvt institutes and their hostels",self,,,,
MUNG- 07813,First Floor - 1,2500,RCC,Residential,self,,,,
MUNG- 07813,Second Floor - 2,1000,RCC,"pvt school, pvt college, pvt research institutes,other pvt institutes and their hostels",self,,,,
MUNG- 07813,Second Floor - 2,1500,RCC,Residential,self,,,,
MUNG- 07813,Third Floor - 3,100,RCC,Residential,self,,,,
MUNG- 16934,Ground Floor - 0,1940,RCC,"shops(250 sq ft and above), showroom, shopping mall, cinema, multiplex, dispensary, lab, restaurant, guest house",self,,,,
MUNG- 16934,Ground Floor - 0,220,RCC,Residential,self,,,,
MUNG- 16934,First Floor - 1,2160,RCC,"shops(250 sq ft and above), showroom, shopping mall, cinema, multiplex, dispensary, lab, restaurant, guest house",self,,,,
MUNG- 16934,Second Floor - 2,1632,RCC,"shops(250 sq ft and above), showroom, shopping mall, cinema, multiplex, dispensary, lab, restaurant, guest house",self,,,,
MUNG- 16934,Second Floor - 2,528,RCC,Residential,self,,,,
MUNG- 16934,Third Floor - 3,810,RCC,"shops(250 sq ft and above), showroom, shopping mall, cinema, multiplex, dispensary, lab, restaurant, guest house",self,,,,
MUNG- 10188,Ground Floor - 0,1700,RCC,"commercial office, financial institutions, banks, insurance office, pvt hospitaland nursing home",rented,,,,
MUNG- 10188,Ground Floor - 0,1022,RCC,Residential,self,,,,
MUNG- 10188,First Floor - 1,2722,RCC,Residential,self,,,,
MUNG- 10188,Second Floor - 2,2722,RCC,Residential,self,,,,
MUNG- 18689,Ground Floor - 0,928,RCC,"shops(250 sq ft and above), showroom, shopping mall, cinema, multiplex, dispensary, lab, restaurant, guest house",rented,,,,
MUNG- 18689,First Floor - 1,928,RCC,Residential,self,,,,
MUNG- 18689,Second Floor - 2,928,RCC,Residential,self,,,,
MUNG- 15283,Ground Floor - 0,1776,RCC,Residential,self,,,,
MUNG- 15283,First Floor - 1,1776,RCC,Residential,self,,,,
MUNG- 15283,Second Floor - 2,1776,RCC,Residential,self,,,,
MUNG- 10992,Basement - -1,765,RCC,"shops(250 sq ft and above), showroom, shopping mall, cinema, multiplex, dispensary, lab, restaurant, guest house",self,,,,
MUNG- 10992,Ground Floor - 0,765,RCC,"shops(250 sq ft and above), showroom, shopping mall, cinema, multiplex, dispensary, lab, restaurant, guest house",self,,,,
MUNG- 10992,First Floor - 1,765,RCC,Residential,self,,,,
MUNG- 10992,Second Floor - 2,765,RCC,Residential,self,,,,
MUNG- 10370,Ground Floor - 0,1520,RCC,"pvt school, pvt college, pvt research institutes,other pvt institutes and their hostels",rented,,,,
MUNG- 10370,First Floor - 1,1520,RCC,"pvt school, pvt college, pvt research institutes,other pvt institutes and their hostels",rented,,,,
MUNG- 10370,Second Floor - 2,1520,RCC,"pvt school, pvt college, pvt research institutes,other pvt institutes and their hostels",rented,,,,
MUNG- 10370,Ground Floor - 0,3842,Asbestos,"pvt school, pvt college, pvt research institutes,other pvt institutes and their hostels",rented,,,,
MUNG- 08956,Ground Floor - 0,816,RCC,"shops(250 sq ft and above), showroom, shopping mall, cinema, multiplex, dispensary, lab, restaurant, guest house",self,,,,
MUNG- 08956,First Floor - 1,816,RCC,Residential,self,,,,
MUNG- 08956,Second Floor - 2,816,RCC,Residential,self,,,,
MUNG- 03768,First Floor - 1,1573,RCC,Residential,self,,,,
MUNG- 03768,First Floor - 1,1573,RCC,Residential,self,,,,
MUNG- 06645,Ground Floor - 0,1494,RCC,Residential,self,,,,
MUNG- 06645,First Floor - 1,1494,RCC,Residential,self,,,,
MUNG- 09695,Ground Floor - 0,860,RCC,"shops(250 sq ft and above), showroom, shopping mall, cinema, multiplex, dispensary, lab, restaurant, guest house",rented,,,,
MUNG- 09695,First Floor - 1,1348,RCC,Residential,self,,,,
MUNG- 01432,Ground Floor - 0,1110,RCC,"shops(250 sq ft and above), showroom, shopping mall, cinema, multiplex, dispensary, lab, restaurant, guest house",rented,,,,
MUNG- 01432,First Floor - 1,1110,RCC,Residential,self,,,,
MUNG- 01432,Second Floor - 2,1110,RCC,Residential,self,,,,
MUNG- 10494,Ground Floor - 0,3701,RCC,"pvt school, pvt college, pvt research institutes,other pvt institutes and their hostels",rented,,,,
MUNG- 10494,First Floor - 1,3701,RCC,"pvt school, pvt college, pvt research institutes,other pvt institutes and their hostels",rented,,,,
MUNG- 14902,Ground Floor - 0,2280,RCC,"pvt school, pvt college, pvt research institutes,other pvt institutes and their hostels",self,,,,
MUNG- 14902,First Floor - 1,2280,RCC,"pvt school, pvt college, pvt research institutes,other pvt institutes and their hostels",self,,,,
MUNG- 14902,Second Floor - 2,2280,RCC,"pvt school, pvt college, pvt research institutes,other pvt institutes and their hostels",self,,,,
Test1,Ground Floor - 0,15000,RCC,"pvt school, pvt college, pvt research institutes,other pvt institutes and their hostels",self,,,792000,71280
MUNG- 09819,Ground Floor - 0,2219.25,RCC,Residential,self,,,9320.85,838.88
MUNG- 09819,Ground Floor - 0,1110.8,RCC,Residential,self,,,4665.36,419.88
MUNG- 09819,First Floor - 1,2219.25,RCC,Residential,self,,,9320.85,838.88
MUNG- 29277,Ground Floor - 0,500,RCC,Residential,self,,,5950,535.5
MUNG- 29277,First Floor - 1,500,RCC,Residential,self,,,5950,535.5
MUNG- 29277,Second Floor - 2,500,RCC,Residential,self,,,5950,535.5
MUNG- 29298,Ground Floor - 0,1020,RCC,Residential,self,,,7854,706.86
MUNG- 29298,First Floor - 1,1020,RCC,Residential,self,,,7854,706.86
MUNG- 10405,Ground Floor - 0,360,RCC,Residential,self,,,2772,249.48
MUNG- 10405,First Floor - 1,360,RCC,Residential,self,,,2772,249.48
MUNG- 06860,Ground Floor - 0,560,RCC,Residential,rented,,,9996,899.64
MUNG- 06860,First Floor - 1,560,RCC,Residential,rented,,,9996,899.64
MUNG- 06860,Second Floor - 2,560,RCC,Residential,self,,,6664,599.76
MUNG- 06860,Third Floor - 3,130,RCC,Residential,self,,,1547,139.23
MUNG- 22374,Ground Floor - 0,270,RCC,Residential,self,,,2079,187.11
MUNG- 22374,First Floor - 1,270,RCC,Residential,self,,,2079,187.11
MUNG- 22374,Second Floor - 2,270,RCC,Residential,self,,,2079,187.11
MUNG- 12885,Ground Floor - 0,300,RCC,shops(less than 250 sq ft),rented,,,11880,1069.2
MUNG- 12885,First Floor - 1,300,RCC,shops(less than 250 sq ft),rented,,,11880,1069.2
MUNG- 12885,Second Floor - 2,228,RCC,shops(less than 250 sq ft),rented,,,9028.8,812.59
MUNG- 29259,Ground Floor - 0,536,Asbestos,Residential,self,2011-2012,2017-2018,0,0
MUNG- 29259,Ground Floor - 0,536,RCC,Residential,self,2018-2019,,6378.4,574.06
MUNG- 22322 (TEST),Ground Floor - 0,925,RCC,Residential,self,2006-2007,2025-2026,7122.5,641.02
MUNG- 22322 (TEST),First Floor - 1,925,RCC,Residential,self,2006-2007,2025-2026,7122.5,641.02
MUNG- 22322 (TEST) 1,Ground Floor - 0,925,RCC,Residential,self,2006-2007,,7122.5,641.02
MUNG- 22322 (TEST) 1,First Floor - 1,925,RCC,Residential,self,2006-2007,,7122.5,641.02
MUNG- 12885 (TEST3),Ground Floor - 0,300,RCC,"shops(250 sq ft and above), showroom, shopping mall, cinema, multiplex, dispensary, lab, restaurant, guest house",rented,2024-2025,,17820,1603.8
MUNG- 12885 (TEST3),First Floor - 1,300,RCC,"shops(250 sq ft and above), showroom, shopping mall, cinema, multiplex, dispensary, lab, restaurant, guest house",rented,2024-2025,,17820,1603.8
MUNG- 12885 (TEST3),Second Floor - 2,228,RCC,shops(less than 250 sq ft),rented,2024-2025,,9028.8,812.59
MUNG- 22322 (TEST) 2,Ground Floor - 0,925,RCC,Residential,self,2006-2007,2026-2027,7122.5,641.02
MUNG- 22322 (TEST) 2,First Floor - 1,925,RCC,Residential,self,2006-2007,2026-2027,7122.5,641.02
MUNG- 29259 TEST,Ground Floor - 0,536,Asbestos,Residential,self,2011-2012,2017-2018,0,0
MUNG- 29259 TEST,Ground Floor - 0,536,RCC,Residential,self,2018-2019,2026-2027,6378.4,574.06
MUNG- 12885 TEST 2,Ground Floor - 0,300,RCC,"shops(250 sq ft and above), showroom, shopping mall, cinema, multiplex, dispensary, lab, restaurant, guest house",rented,2024-2025,,17820,1603.8
MUNG- 12885 TEST 2,First Floor - 1,300,RCC,"shops(250 sq ft and above), showroom, shopping mall, cinema, multiplex, dispensary, lab, restaurant, guest house",rented,2024-2025,,17820,1603.8
MUNG- 12885 TEST 2,Second Floor - 2,228,RCC,shops(less than 250 sq ft),rented,2024-2025,,9028.8,812.59
MUNG- 12885 TEST 3,Ground Floor - 0,300,RCC,shops(less than 250 sq ft),rented,2024-2025,,11880,1069.2
MUNG- 12885 TEST 3,First Floor - 1,300,RCC,shops(less than 250 sq ft),rented,2024-2025,,11880,1069.2
MUNG- 12885 TEST 3,Second Floor - 2,228,RCC,shops(less than 250 sq ft),rented,2024-2025,,9028.8,812.59
MUNG- 29298 TEST,Ground Floor - 0,1020,RCC,Residential,self,2022-2023,,7854,706.86
MUNG- 29298 TEST,First Floor - 1,1020,RCC,Residential,self,2022-2023,,7854,706.86
MUNG- 13378,Ground Floor - 0,4470,RCC,"places, centres and institutions of spiritual and religious nature",self,2026-2027,,0,0
MUNG- 18586,Ground Floor - 0,738,RCC,Residential,self,2026-2027,,3099.6,278.96
MUNG- 18586,Ground Floor - 0,1638,Asbestos,Residential,self,2026-2027,,4586.4,412.78
MUNG- 18586,First Floor - 1,513,Asbestos,Residential,self,2026-2027,,1436.4,129.28
MUNG- 07978,Ground Floor - 0,1349,RCC,"pvt school, pvt college, pvt research institutes,other pvt institutes and their hostels",self,2026-2027,,35613.6,3205.22
MUNG- 07978,First Floor - 1,1349,RCC,"pvt school, pvt college, pvt research institutes,other pvt institutes and their hostels",self,2026-2027,,35613.6,3205.22
MUNG- 07978,Second Floor - 2,769.5,RCC,"pvt school, pvt college, pvt research institutes,other pvt institutes and their hostels",self,2026-2027,,20314.8,1828.33
MUNG- 05318,Ground Floor - 0,1442.5,RCC,Residential,self,2026-2027,,6058.5,545.26
MUNG- 05318,Ground Floor - 0,234,Asbestos,Residential,self,2026-2027,,655.2,58.97
MUNG- 05318,First Floor - 1,542.5,RCC,Residential,self,2026-2027,,2278.5,205.06
MUNG- 00995,Ground Floor - 0,1278,RCC,Residential,self,2026-2027,,5367.6,483.08
MUNG- 00995,First Floor - 1,1278,RCC,Residential,self,2026-2027,,5367.6,483.08
MUNG- 08114,Ground Floor - 0,694,RCC,"shops(250 sq ft and above), showroom, shopping mall, cinema, multiplex, dispensary, lab, restaurant, guest house",rented,2026-2027,,41223.6,3710.12
MUNG- 08114,Ground Floor - 0,820,RCC,Residential,self,2026-2027,,6314,568.26
MUNG- 08114,First Floor - 1,1514,RCC,Residential,self,2026-2027,,11657.8,1049.2
MUNG- 08384,Ground Floor - 0,2520,RCC,"shops(250 sq ft and above), showroom, shopping mall, cinema, multiplex, dispensary, lab, restaurant, guest house",rented,2026-2027,,199584,17962.56
MUNG- 08384,First Floor - 1,2520,RCC,Residential,self,2026-2027,,29988,2698.92
MUNG- 08384,Second Floor - 2,2520,RCC,Residential,self,2026-2027,,29988,2698.92
MUNG- 08384,Third Floor - 3,2232,RCC,Residential,self,2026-2027,,26560.8,2390.47
MUNG- 13552,Basement - -1,2322,RCC,"Hotel, bar, club, healthclub, marriage hall",self,2026-2027,,245203.2,22068.29
MUNG- 13552,Ground Floor - 0,964,RCC,"shops(250 sq ft and above), showroom, shopping mall, cinema, multiplex, dispensary, lab, restaurant, guest house",rented,2026-2027,,76348.8,6871.39
MUNG- 13552,Ground Floor - 0,1817,RCC,"Hotel, bar, club, healthclub, marriage hall",self,2026-2027,,191875.2,17268.77
MUNG- 13552,First Floor - 1,2781,RCC,"Hotel, bar, club, healthclub, marriage hall",self,2026-2027,,293673.6,26430.62
MUNG- 05125,Ground Floor - 0,2403,RCC,Residential,self,2026-2027,,28595.7,2573.61
MUNG- 05125,First Floor - 1,2403,RCC,Residential,self,2026-2027,,28595.7,2573.61
MUNG- 00363,Ground Floor - 0,821,RCC,"shops(250 sq ft and above), showroom, shopping mall, cinema, multiplex, dispensary, lab, restaurant, guest house",rented,2026-2027,,65023.2,5852.09
MUNG- 00363,Ground Floor - 0,504,RCC,Residential,self,2026-2027,,5997.6,539.78
MUNG- 00363,First Floor - 1,821,RCC,"shops(250 sq ft and above), showroom, shopping mall, cinema, multiplex, dispensary, lab, restaurant, guest house",rented,2026-2027,,65023.2,5852.09
MUNG- 00363,First Floor - 1,504,RCC,Residential,self,2026-2027,,5997.6,539.78
MUNG- 00363,Second Floor - 2,821,RCC,"shops(250 sq ft and above), showroom, shopping mall, cinema, multiplex, dispensary, lab, restaurant, guest house",rented,2026-2027,,65023.2,5852.09
MUNG- 00363,Second Floor - 2,504,RCC,Residential,self,2026-2027,,5997.6,539.78
MUNG- 00363,Third Floor - 3,504,RCC,Residential,rented,2026-2027,,8996.4,809.68
MUNG- 00363,Third Floor - 3,821,RCC,Residential,self,2026-2027,,9769.9,879.29
MUNG- 00262,Ground Floor - 0,2493,RCC,"shops(250 sq ft and above), showroom, shopping mall, cinema, multiplex, dispensary, lab, restaurant, guest house",self,2026-2027,,131630.4,11846.74
MUNG- 00262,First Floor - 1,400,RCC,"shops(250 sq ft and above), showroom, shopping mall, cinema, multiplex, dispensary, lab, restaurant, guest house",self,2026-2027,,21120,1900.8
MUNG- 00262,First Floor - 1,936,Asbestos,"shops(250 sq ft and above), showroom, shopping mall, cinema, multiplex, dispensary, lab, restaurant, guest house",self,2026-2027,,37065.6,3335.9
MUNG- 00262,First Floor - 1,700,RCC,Residential,self,2026-2027,,8330,749.7
MUNG- 00262,Second Floor - 2,1092,RCC,Residential,self,2026-2027,,12994.8,1169.53
MUNG- 08921,Ground Floor - 0,263,RCC,"shops(250 sq ft and above), showroom, shopping mall, cinema, multiplex, dispensary, lab, restaurant, guest house",self,2026-2027,,13886.4,1249.78
MUNG- 08921,Ground Floor - 0,484,Asbestos,"shops(250 sq ft and above), showroom, shopping mall, cinema, multiplex, dispensary, lab, restaurant, guest house",rented,2026-2027,,28749.6,2587.46
MUNG- 08921,Ground Floor - 0,3309,RCC,"shops(250 sq ft and above), showroom, shopping mall, cinema, multiplex, dispensary, lab, restaurant, guest house",rented,2026-2027,,262072.8,23586.55
MUNG- 08921,First Floor - 1,586,RCC,Residential,rented,2026-2027,,10460.1,941.41
MUNG- 08921,First Floor - 1,1549,RCC,Residential,self,2026-2027,,18433.1,1658.98
MUNG- 08921,First Floor - 1,314,Asbestos,Residential,self,2026-2027,,2417.8,217.6
MUNG- 08921,Second Floor - 2,2135,RCC,Residential,self,2026-2027,,25406.5,2286.59
MUNG- 08921,Third Floor - 3,282,RCC,Residential,self,2026-2027,,3355.8,302.02
MUNG- 13504,Ground Floor - 0,684,RCC,"shops(250 sq ft and above), showroom, shopping mall, cinema, multiplex, dispensary, lab, restaurant, guest house",rented,2026-2027,,54172.8,4875.55
MUNG- 13504,Ground Floor - 0,516,RCC,Residential,self,2026-2027,,6140.4,552.64
MUNG- 13504,First Floor - 1,684,RCC,"shops(250 sq ft and above), showroom, shopping mall, cinema, multiplex, dispensary, lab, restaurant, guest house",rented,2026-2027,,54172.8,4875.55
MUNG- 13504,First Floor - 1,516,RCC,Residential,self,2026-2027,,6140.4,552.64
MUNG- 13504,Second Floor - 2,1200,RCC,Residential,self,2026-2027,,14280,1285.2
MUNG- 03167,Ground Floor - 0,400,RCC,"shops(250 sq ft and above), showroom, shopping mall, cinema, multiplex, dispensary, lab, restaurant, guest house",rented,2026-2027,,23760,2138.4
MUNG- 03167,Ground Floor - 0,923,RCC,"shops(250 sq ft and above), showroom, shopping mall, cinema, multiplex, dispensary, lab, restaurant, guest house",self,2026-2027,,36550.8,3289.57
MUNG- 03167,First Floor - 1,1323,RCC,Residential,self,2026-2027,,10187.1,916.84
MUNG- 16997,Ground Floor - 0,1944,RCC,"shops(250 sq ft and above), showroom, shopping mall, cinema, multiplex, dispensary, lab, restaurant, guest house",self,2026-2027,,102643.2,9237.89
MUNG- 16997,First Floor - 1,832,RCC,Residential,self,2026-2027,,9900.8,891.07
MUNG- 16997,First Floor - 1,552,RCC,Residential,rented,2026-2027,,9853.2,886.79
MUNG- 16997,Second Floor - 2,1384,RCC,Residential,rented,2026-2027,,24704.4,2223.4
MUNG- 12397,Ground Floor - 0,2158,RCC,Residential,self,2026-2027,,25680.2,2311.22
MUNG- 12397,First Floor - 1,2158,RCC,Residential,self,2026-2027,,25680.2,2311.22
MUNG- 12397,Second Floor - 2,2158,RCC,Residential,self,2026-2027,,25680.2,2311.22
MUNG- 01234,Ground Floor - 0,297,RCC,"shops(250 sq ft and above), showroom, shopping mall, cinema, multiplex, dispensary, lab, restaurant, guest house",self,2026-2027,,15681.6,1411.34
MUNG- 01234,Ground Floor - 0,466,RCC,Residential,self,2026-2027,,5545.4,499.09
MUNG- 01234,Ground Floor - 0,1014,Asbestos,"shops(250 sq ft and above), showroom, shopping mall, cinema, multiplex, dispensary, lab, restaurant, guest house",self,2026-2027,,40154.4,3613.9
MUNG- 01234,Ground Floor - 0,306,Asbestos,Residential,self,2026-2027,,2356.2,212.06
MUNG- 01234,Ground Floor - 0,280,Asbestos,Residential,rented,2026-2027,,3234,291.06
MUNG- 01234,First Floor - 1,763,RCC,Residential,self,2026-2027,,9079.7,817.17
MUNG- 00588,Ground Floor - 0,1114,RCC,Residential,self,2026-2027,,13256.6,1193.09
MUNG- 00588,First Floor - 1,1114,RCC,Residential,self,2026-2027,,13256.6,1193.09
MUNG- 00588,Second Floor - 2,1114,RCC,Residential,self,2026-2027,,13256.6,1193.09
MUNG- 08634,Ground Floor - 0,252,RCC,shops(less than 250 sq ft),rented,2026-2027,,13305.6,1197.5
MUNG- 08634,Ground Floor - 0,1057,RCC,Residential,self,2026-2027,,12578.3,1132.05
MUNG- 08634,Ground Floor - 0,138,RCC,Residential,rented,2026-2027,,2463.3,221.7
MUNG- 08634,First Floor - 1,1449,RCC,Residential,rented,2026-2027,,25864.65,2327.82
MUNG- 08634,Second Floor - 2,1449,RCC,Residential,rented,2026-2027,,25864.65,2327.82
MUNG- 08634,Third Floor - 3,449,Asbestos,Residential,self,2026-2027,,3457.3,311.16
MUNG- 01616,Basement - -1,1001,RCC,"Hotel, bar, club, healthclub, marriage hall",rented,2026-2027,,158558.4,14270.26
MUNG- 01616,Ground Floor - 0,1108,RCC,"Hotel, bar, club, healthclub, marriage hall",rented,2026-2027,,175507.2,15795.65
MUNG- 01616,First Floor - 1,1108,RCC,"Hotel, bar, club, healthclub, marriage hall",rented,2026-2027,,175507.2,15795.65
MUNG- 01616,Second Floor - 2,1108,RCC,"Hotel, bar, club, healthclub, marriage hall",rented,2026-2027,,175507.2,15795.65
MUNG- 01616,Third Floor - 3,1108,RCC,"Hotel, bar, club, healthclub, marriage hall",rented,2026-2027,,175507.2,15795.65
MUNG- 17623,Ground Floor - 0,300,RCC,"shops(250 sq ft and above), showroom, shopping mall, cinema, multiplex, dispensary, lab, restaurant, guest house",rented,2026-2027,,23760,2138.4
MUNG- 17623,Ground Floor - 0,815,RCC,Residential,rented,2026-2027,,14547.75,1309.3
MUNG- 17623,First Floor - 1,580,RCC,Residential,rented,2026-2027,,10353,931.77
MUNG- 12793,Ground Floor - 0,3994,RCC,"shops(250 sq ft and above), showroom, shopping mall, cinema, multiplex, dispensary, lab, restaurant, guest house",self,2026-2027,,210883.2,18979.49
MUNG- 12793,First Floor - 1,3994,RCC,"shops(250 sq ft and above), showroom, shopping mall, cinema, multiplex, dispensary, lab, restaurant, guest house",self,2026-2027,,210883.2,18979.49
MUNG- 12793,Second Floor - 2,3994,RCC,Residential,self,2026-2027,,47528.6,4277.57
MUNG- 08231,Ground Floor - 0,495,Asbestos,Residential,self,2026-2027,,3811.5,343.03
MUNG- 08231,Ground Floor - 0,2507,RCC,Residential,self,2026-2027,,29833.3,2685
MUNG- 08231,First Floor - 1,994,RCC,Residential,self,2026-2027,,11828.6,1064.57
MUNG- 08231,Second Floor - 2,494,RCC,Residential,self,2026-2027,,5878.6,529.07
MUNG- 10227,Ground Floor - 0,476,RCC,Residential,self,2026-2027,,5664.4,509.8
MUNG- 10227,Ground Floor - 0,1071,RCC,"Hotel, bar, club, healthclub, marriage hall",self,2026-2027,,113097.6,10178.78
MUNG- 10227,First Floor - 1,1547,RCC,"Hotel, bar, club, healthclub, marriage hall",self,2026-2027,,163363.2,14702.69
MUNG- 10227,Second Floor - 2,800,RCC,"Hotel, bar, club, healthclub, marriage hall",self,2026-2027,,84480,7603.2
MUNG- 10227,Second Floor - 2,460,Asbestos,"Hotel, bar, club, healthclub, marriage hall",self,2026-2027,,36432,3278.88
MUNG- 11428,Ground Floor - 0,2162,RCC,"shops(250 sq ft and above), showroom, shopping mall, cinema, multiplex, dispensary, lab, restaurant, guest house",rented,2026-2027,,171230.4,15410.74
MUNG- 11428,Ground Floor - 0,940,Asbestos,Residential,self,2026-2027,,7238,651.42
MUNG- 03385,Ground Floor - 0,2035,RCC,"pvt school, pvt college, pvt research institutes,other pvt institutes and their hostels",rented,2026-2027,,161172,14505.48
MUNG- 03385,Ground Floor - 0,1485,Asbestos,"pvt school, pvt college, pvt research institutes,other pvt institutes and their hostels",rented,2026-2027,,88209,7938.81
MUNG- 16224,Ground Floor - 0,6550,Asbestos,"shops(250 sq ft and above), showroom, shopping mall, cinema, multiplex, dispensary, lab, restaurant, guest house",self,2026-2027,,259380,23344.2
MUNG- 15307,Ground Floor - 0,2850,RCC,Residential,self,2026-2027,,21945,1975.05
MUNG- 15307,Ground Floor - 0,350,RCC,"shops(250 sq ft and above), showroom, shopping mall, cinema, multiplex, dispensary, lab, restaurant, guest house",rented,2026-2027,,20790,1871.1
MUNG- 15307,First Floor - 1,3200,RCC,Residential,rented,2026-2027,,36960,3326.4
MUNG- 15307,Second Floor - 2,430,RCC,Residential,self,2026-2027,,3311,297.99
MUNG- 10180,Ground Floor - 0,2160,RCC,"shops(250 sq ft and above), showroom, shopping mall, cinema, multiplex, dispensary, lab, restaurant, guest house",self,2026-2027,,114048,10264.32
MUNG- 10180,First Floor - 1,1180,RCC,"shops(250 sq ft and above), showroom, shopping mall, cinema, multiplex, dispensary, lab, restaurant, guest house",self,2026-2027,,62304,5607.36
MUNG- 28718,Ground Floor - 0,2526,RCC,Residential,self,2026-2027,,19450.2,1750.52
MUNG- 28718,Ground Floor - 0,2170,Asbestos,Residential,self,2026-2027,,13671,1230.39
MUNG- 28718,First Floor - 1,865,RCC,Residential,self,2026-2027,,6660.5,599.44
MUNG- 06593,Ground Floor - 0,1353,RCC,"pvt school, pvt college, pvt research institutes,other pvt institutes and their hostels",rented,2026-2027,,80368.2,7233.14
MUNG- 06593,First Floor - 1,1353,RCC,"pvt school, pvt college, pvt research institutes,other pvt institutes and their hostels",rented,2026-2027,,80368.2,7233.14
MUNG- 08957,Ground Floor - 0,2955,RCC,Residential,self,2026-2027,,22753.5,2047.81
MUNG- 08957,First Floor - 1,2955,RCC,Residential,self,2026-2027,,22753.5,2047.81
MUNG- 13497,Ground Floor - 0,6475,RCC,"shops(250 sq ft and above), showroom, shopping mall, cinema, multiplex, dispensary, lab, restaurant, guest house",rented,2026-2027,,384615,34615.35
MUNG- 13497,Ground Floor - 0,6556,Asbestos,"shops(250 sq ft and above), showroom, shopping mall, cinema, multiplex, dispensary, lab, restaurant, guest house",rented,2026-2027,,259617.6,23365.58
MUNG- 19844,Ground Floor - 0,2912,RCC,"commercial office, financial institutions, banks, insurance office, pvt hospitaland nursing home",rented,2026-2027,,461260.8,41513.47
MUNG- 19844,First Floor - 1,2912,RCC,"commercial office, financial institutions, banks, insurance office, pvt hospitaland nursing home",rented,2026-2027,,461260.8,41513.47
MUNG- 18321,Ground Floor - 0,3496,RCC,Residential,self,2026-2027,,26919.2,2422.73
MUNG- 18321,First Floor - 1,2408,RCC,Residential,self,2026-2027,,18541.6,1668.74
MUNG- 19890,Ground Floor - 0,1872,RCC,"shops(250 sq ft and above), showroom, shopping mall, cinema, multiplex, dispensary, lab, restaurant, guest house",rented,2026-2027,,111196.8,10007.71
MUNG- 19890,Ground Floor - 0,988,RCC,Residential,self,2026-2027,,7607.6,684.68
MUNG- 12321,Ground Floor - 0,2445,RCC,Residential,self,2026-2027,,18826.5,1694.38
MUNG- 12318,Ground Floor - 0,6371,RCC,Residential,self,2026-2027,,49056.7,4415.1
MUNG- 12318,Ground Floor - 0,400,RCC,Residential,self,2026-2027,,3080,277.2
MUNG- 12318,Ground Floor - 0,2056,Asbestos,Residential,self,2026-2027,,12952.8,1165.75
MUNG- 08350,Basement - -1,500,RCC,"commercial office, financial institutions, banks, insurance office, pvt hospitaland nursing home",rented,2026-2027,,39600,3564
MUNG- 08350,Ground Floor - 0,928,RCC,"commercial office, financial institutions, banks, insurance office, pvt hospitaland nursing home",rented,2026-2027,,73497.6,6614.78
MUNG- 08350,First Floor - 1,928,RCC,"commercial office, financial institutions, banks, insurance office, pvt hospitaland nursing home",rented,2026-2027,,73497.6,6614.78
MUNG- 10080,Ground Floor - 0,2800,RCC,"pvt school, pvt college, pvt research institutes,other pvt institutes and their hostels",self,2026-2027,,110880,9979.2
MUNG- 10080,Ground Floor - 0,600,Asbestos,"pvt school, pvt college, pvt research institutes,other pvt institutes and their hostels",self,2026-2027,,15840,1425.6
MUNG- 10080,First Floor - 1,3400,RCC,Residential,self,2026-2027,,26180,2356.2
MUNG- 10080,Second Floor - 2,3400,RCC,Residential,self,2026-2027,,26180,2356.2
MUNG- 10353,Ground Floor - 0,1162,RCC,"pvt school, pvt college, pvt research institutes,other pvt institutes and their hostels",self,2026-2027,,46015.2,4141.37
MUNG- 10353,Ground Floor - 0,1546,RCC,Residential,self,2026-2027,,11904.2,1071.38
MUNG- 10353,Ground Floor - 0,250,Asbestos,Residential,self,2026-2027,,1575,141.75
MUNG- 10353,First Floor - 1,689,Asbestos,"pvt school, pvt college, pvt research institutes,other pvt institutes and their hostels",self,2026-2027,,18189.6,1637.06
MUNG- 10353,First Floor - 1,1540,RCC,"pvt school, pvt college, pvt research institutes,other pvt institutes and their hostels",self,2026-2027,,60984,5488.56
MUNG- 10353,First Floor - 1,650,RCC,Residential,self,2026-2027,,5005,450.45
MUNG- 07226,Ground Floor - 0,12540,RCC,Residential,self,2026-2027,,149226,13430.34
MUNG- 07226,Ground Floor - 0,561,Asbestos,Residential,self,2026-2027,,4319.7,388.77
MUNG- 07226,First Floor - 1,670,RCC,Residential,self,2026-2027,,7973,717.57
MUNG- 10168,Ground Floor - 0,4050,RCC,"commercial office, financial institutions, banks, insurance office, pvt hospitaland nursing home",self,2026-2027,,427680,38491.2
MUNG- 10168,Ground Floor - 0,600,Asbestos,Residential,self,2026-2027,,4620,415.8
MUNG- 10168,First Floor - 1,4050,RCC,"commercial office, financial institutions, banks, insurance office, pvt hospitaland nursing home",self,2026-2027,,427680,38491.2
MUNG- 27892,Ground Floor - 0,1570,RCC,Residential,rented,2026-2027,,28024.5,2522.2
MUNG- 27892,Ground Floor - 0,520,Asbestos,Residential,rented,2026-2027,,6006,540.54
MUNG- 27892,First Floor - 1,1390,RCC,Residential,rented,2026-2027,,24811.5,2233.03
MUNG- 27892,Second Floor - 2,812,RCC,Residential,rented,2026-2027,,14494.2,1304.48
MUNG- 27892,Third Floor - 3,812,RCC,any other,rented,2026-2027,,64310.4,5787.94
MUNG- 03904,Basement - -1,2108,RCC,Residential,self,2026-2027,,25085.2,2257.67
MUNG- 03904,Ground Floor - 0,2108,RCC,"shops(250 sq ft and above), showroom, shopping mall, cinema, multiplex, dispensary, lab, restaurant, guest house",self,2026-2027,,111302.4,10017.22
MUNG- 03904,First Floor - 1,2108,RCC,Residential,self,2026-2027,,25085.2,2257.67
MUNG- 03904,Second Floor - 2,270,RCC,Residential,self,2026-2027,,3213,289.17
MUNG- 03845,Ground Floor - 0,1700,RCC,Residential,self,2026-2027,,7140,642.6
MUNG- 03845,Ground Floor - 0,125.25,RCC,shops(less than 250 sq ft),self,2026-2027,,2204.4,198.4
MUNG- 03845,Ground Floor - 0,500,Asbestos,Residential,self,2026-2027,,1400,126
MUNG- 03845,First Floor - 1,759.5,RCC,Residential,self,2026-2027,,3189.9,287.09
MUNG- 05426,Ground Floor - 0,1440,RCC,Residential,self,2026-2027,,6048,544.32
MUNG- 05426,First Floor - 1,1440,RCC,Residential,self,2026-2027,,6048,544.32
MUNG- 21810,Ground Floor - 0,1628,RCC,Residential,self,2026-2027,,6837.6,615.38
MUNG- 21810,Ground Floor - 0,163.25,Asbestos,Residential,self,2026-2027,,457.1,41.14
MUNG- 21810,First Floor - 1,1628,RCC,Residential,self,2026-2027,,6837.6,615.38
Test-12,Ground Floor - 0,,,,,,,12333,122
MUNG- 17018,Basement - -1,1400,RCC,"Hotel, bar, club, healthclub, marriage hall",self,2026-2027,,110880,9979.2
MUNG- 17018,Ground Floor - 0,1400,RCC,"Hotel, bar, club, healthclub, marriage hall",self,2026-2027,,110880,9979.2
MUNG- 17018,First Floor - 1,1400,RCC,"Hotel, bar, club, healthclub, marriage hall",self,2026-2027,,110880,9979.2
MUNG- 17018,Second Floor - 2,1400,RCC,"Hotel, bar, club, healthclub, marriage hall",self,2026-2027,,110880,9979.2
MUNG- 17018,Third Floor - 3,1400,RCC,"Hotel, bar, club, healthclub, marriage hall",self,2026-2027,,110880,9979.2
MUNG- 17021,Basement - -1,500,RCC,"Hotel, bar, club, healthclub, marriage hall",self,2026-2027,,39600,3564
MUNG- 17021,Ground Floor - 0,1000,RCC,"Hotel, bar, club, healthclub, marriage hall",self,2026-2027,,79200,7128
MUNG- 17021,First Floor - 1,1000,RCC,"Hotel, bar, club, healthclub, marriage hall",self,2026-2027,,79200,7128
MUNG- 17021,Second Floor - 2,1000,RCC,"Hotel, bar, club, healthclub, marriage hall",self,2026-2027,,79200,7128
MUNG- 17021,Third Floor - 3,1000,RCC,"Hotel, bar, club, healthclub, marriage hall",self,2026-2027,,79200,7128
MUNG- 17030,Basement - -1,1400,RCC,"Hotel, bar, club, healthclub, marriage hall",self,2026-2027,,110880,9979.2
MUNG- 17030,Ground Floor - 0,1400,RCC,"Hotel, bar, club, healthclub, marriage hall",self,2026-2027,,110880,9979.2
MUNG- 17030,First Floor - 1,1400,RCC,"Hotel, bar, club, healthclub, marriage hall",self,2026-2027,,110880,9979.2
MUNG- 17030,Second Floor - 2,1400,RCC,"Hotel, bar, club, healthclub, marriage hall",self,2026-2027,,110880,9979.2
MUNG- 17030,Third Floor - 3,1400,RCC,"Hotel, bar, club, healthclub, marriage hall",self,2026-2027,,110880,9979.2
MUNG- 15169,Basement - -1,1604,RCC,"Hotel, bar, club, healthclub, marriage hall",self,2026-2027,,127036.8,11433.31
MUNG- 15169,Ground Floor - 0,1604,RCC,"Hotel, bar, club, healthclub, marriage hall",rented,2026-2027,,190555.2,17149.97
MUNG- 15169,First Floor - 1,1604,RCC,"Hotel, bar, club, healthclub, marriage hall",rented,2026-2027,,190555.2,17149.97
MUNG- 15169,Second Floor - 2,1604,RCC,"Hotel, bar, club, healthclub, marriage hall",rented,2026-2027,,190555.2,17149.97
MUNG- 15169,Third Floor - 3,1604,RCC,"Hotel, bar, club, healthclub, marriage hall",rented,2026-2027,,190555.2,17149.97
MUNG- 02858,Ground Floor - 0,2442,RCC,"pvt school, pvt college, pvt research institutes,other pvt institutes and their hostels",self,2026-2027,,96703.2,8703.29
MUNG- 02858,First Floor - 1,2442,RCC,"pvt school, pvt college, pvt research institutes,other pvt institutes and their hostels",self,2026-2027,,96703.2,8703.29
MUNG- 02858,Second Floor - 2,2442,RCC,"pvt school, pvt college, pvt research institutes,other pvt institutes and their hostels",self,2026-2027,,96703.2,8703.29
MUNG- 02858,Third Floor - 3,242,Asbestos,"pvt school, pvt college, pvt research institutes,other pvt institutes and their hostels",self,2026-2027,,6388.8,574.99
MUNG- 09387,Ground Floor - 0,3780,RCC,"commercial office, financial institutions, banks, insurance office, pvt hospitaland nursing home",rented,2026-2027,,449064,40415.76
MUNG- 09387,First Floor - 1,3000,RCC,"Coaching classes, guidance and training centres and their hostels",rented,2026-2027,,178200,16038
MUNG- 09387,First Floor - 1,780,RCC,Residential,self,2026-2027,,6006,540.54
MUNG- 07945,Ground Floor - 0,701,RCC,Residential,self,2026-2027,,2944.2,264.98
MUNG- 07945,Ground Floor - 0,1572.5,RCC,Residential,self,2026-2027,,6604.5,594.4
MUNG- 18705,Ground Floor - 0,1978,RCC,Residential,self,2026-2027,,8307.6,747.68
MUNG- 18705,Ground Floor - 0,756.75,Asbestos,Residential,self,2026-2027,,2118.9,190.7
MUNG- 18705,First Floor - 1,973,RCC,Residential,self,2026-2027,,4086.6,367.79
MUNG- 18705,Second Floor - 2,168,RCC,Residential,self,2026-2027,,705.6,63.5
MUNG- 21611,Ground Floor - 0,1121,RCC,Residential,self,2026-2027,,4708.2,423.74
MUNG- 21611,First Floor - 1,851,RCC,Residential,self,2026-2027,,3574.2,321.68
MUNG- 21611,Second Floor - 2,851,RCC,Residential,self,2026-2027,,3574.2,321.68
MUNG- 21611,Ground Floor - 0,324,Asbestos,Residential,self,2026-2027,,907.2,81.65
MUNG- 21611,First Floor - 1,270,Asbestos,Residential,self,2026-2027,,756,68.04
MUNG- 13785,Ground Floor - 0,2459.17,RCC,Residential,self,,,18935.61,1704.2
MUNG- 13785,First Floor - 1,2312.17,RCC,Residential,self,,,17803.71,1602.33
MUNG- 20344,Ground Floor - 0,7224,RCC,"Hotel, bar, club, healthclub, marriage hall",rented,2026-2027,,858211.2,77239.01
MUNG- 20344,First Floor - 1,7224,RCC,"Hotel, bar, club, healthclub, marriage hall",rented,2026-2027,,858211.2,77239.01
MUNG- 20344,Second Floor - 2,7224,RCC,"Hotel, bar, club, healthclub, marriage hall",rented,2026-2027,,858211.2,77239.01